"Year","Date","Site","Habitat","Land_class","Burned","Vegetation","Wet_biomass.g.","Dry_biomass.g.","Biomass.g.m2.","Sand...","Notes","MAT","MAP","Fire_frequency","SOC_conc30","SOC_conc70","Section_dry_weight30","Section_dry_weight70","BD30","BD70","SOC_stock30","SOC_stock70","SOC_stock_1m","lon","lat"
2022,2022-10-26,"MA0","woodland","woodland","Unburned","BARE",0,0,0,95,NA,21.7333335876465,724,6,0.429,0.117,1605,4195,1.39016970700676,1.55721279596618,17.891484129177,12.753572798963,30.64505692814,24.5895448390412,-16.6184811570567
2022,2022-11-04,"MA1","woodland","woodland","Late","ANNUALS",0,0,0,90,NA,21.875,703,1,0.195,0.078,1208,2866.5,1.04630841499325,1.06406447667153,6.12090422771051,5.80979204262655,11.9306962703371,24.5141242195202,-16.8785898147286
2022,2022-10-10,"MA2","dambo woodland","woodland","Late","ANNUALS",0,0,0,75,NA,24.0666675567627,642,5,1.326,1.17,1084.5,2525.5,0.939338970248493,0.937482935926721,37.366904236485,76.7798524523985,114.146756688883,25.1746505985855,-17.5908187838674
2022,2022-10-18,"MA3","woodland","woodland","Unburned","MIXTURE",0,0,0,90,NA,22.5666675567627,678,3,0.39,0.156,2023.5,3815,1.75265321004871,1.41615418751156,20.5060425575699,15.4644037276262,35.9704462851961,24.997774709621,-17.0666570416662
2022,2022-11-05,"MA4","cropland",NA,"Unburned","ANNUALS",0,0,0,85,NA,21.7999992370605,691,2,0.156,0.078,1080,2760.5,0.935441298172773,1.02471654904998,4.37786527544858,5.59495235781287,9.97281763326144,24.5609328283618,-17.0178865911624
2022,2022-11-07,"MA5","grassland","grassland","Early","MIXTURE",0,0,0,95,NA,21.716667175293,663,5,0.312,0.117,1196,3857,1.03591462279133,1.43174487581444,9.69616086932685,11.7259905329202,21.4221514022471,24.3951573550803,-17.3186975725514
2022,2022-11-16,"MA6","woodland","woodland","Unburned","ANNUALS",0,0,0,90,NA,21.908332824707,702,1,0.195,0.078,1206,2464.5,1.04457611629293,0.91483931720111,6.11077028031364,4.99502267191806,11.1057929522317,24.4277574761994,-16.8574993799778
2022,2022-11-02,"MA8","woodland","woodland","Late","ANNUALS",0,0,0,90,NA,21.8583335876465,687,7,0.351,0.195,1170,2634.5,1.01339473968717,0.977944484141337,10.6710466089059,13.3489422085293,24.0199888174352,24.5746819845528,-17.0771975235947
2022,2022-10-20,"MA9","woodland","woodland","Unburned","ANNUALS",0,0,0,90,NA,23.4499988555908,672,NA,0.624,0.39,1829.5,3009.5,1.58462023611767,1.11714705827419,29.6640908201228,30.4981146908854,60.1622055110082,24.9986597705873,-17.3790701310009
2022,2022-10-10,"MA10","woodland","woodland","Unburned","MIXTURE",30,28,448,95,NA,23.8333339691162,632,1,1.17,0.429,1903.5,4462.5,1.64871528802951,1.65651063218095,57.8699066098359,49.745014284394,107.61492089423,25.1849815138283,-17.5250284441244
2022,2022-11-14,"MA11","woodland","woodland","Unburned","ANNUALS",12,10,160,95,NA,21.8999996185303,689,2,0.546,0.312,1446.5,4054,1.2528850350064,1.50487262809223,20.5222568734049,32.8664181975343,53.3886750709392,24.1757483781819,-16.9831739183027
2022,2022-11-05,"MA12","grassland","grassland","Unburned","ANNUALS",0,0,0,85,NA,22.0666675567627,691,NA,0.312,0.117,1079,2626,0.934575148822613,0.974789225794326,8.74762339297965,7.98352375925553,16.7311471522352,24.5183122633572,-16.949916331414
2022,2022-10-31,"MA13","woodland","woodland","Late","BARE",0,0,0,95,NA,21.658332824707,730,1,0.273,0.156,1852,4439,1.60410859649627,1.64778727086863,13.1376494053045,17.9938369978854,31.1314864031899,24.6979262301903,-16.6060699926202
2022,2022-11-02,"MA14","shrub",NA,"Late","ANNUALS",0,0,0,100,NA,21.8999996185303,678,2,0.507,0.273,574.5,4443,0.497602801666905,1.64927209832604,7.56853861335363,31.5175897990107,39.0861284123643,24.5340976046855,-17.10890880143
2022,2022-10-25,"MA15","woodland","woodland","Late","PERENNIALS",0,0,0,95,NA,22.2749996185303,694,1,0.312,0.195,1388,4057.5,1.20221529802204,1.50617185211747,11.2527351894863,20.5592457814035,31.8119809708898,25.0890962795923,-16.9259808052158
2022,2022-10-24,"MA16","woodland","woodland","Late","BARE",0,0,0,95,NA,21.8500003814697,714,5,0.78,0.507,2137.5,4525,1.85139423596695,1.67971106120309,43.3226251216265,59.6129455620978,102.935570683724,24.8155747179115,-16.8022999363474
2022,2022-10-07,"MA17","grassland","grassland","Unburned","PERENNIALS",20.33,18.33,293.33,90,NA,22.4750003814697,644,6,0.312,0.117,1816,4177.5,1.57292721989051,1.55071667583998,14.7225987781752,12.7003695751295,27.4229683533047,24.6119238047741,-17.3941316781111
2022,2022-10-12,"MA18","woodland","woodland","Early","ANNUALS",0,0,0,80,NA,23.216667175293,677,NA,0.546,0.39,1713.5,3102.5,1.48414691149912,1.15166929665914,24.3103264103555,31.4405717987945,55.75089820915,25.0973987156266,-17.2568412269607
2022,2022-10-31,"MA19","woodland","woodland","Late","MIXTURE",0,0,0,95,NA,21.7250003814697,727,4,0.819,0.585,1863.5,4234,1.61406931402311,1.571689863676,39.6576830455479,64.3606999175322,104.01838296308,24.6559039123845,-16.6171360286929
2022,2022-11-05,"MA20","woodland","woodland","Late","ANNUALS",0,0,0,85,NA,21.8833332061768,695,6,0.624,0.468,1112.5,3399.5,0.963591152052972,1.26191773537236,18.0384263664316,41.3404250107984,59.3788513772301,24.5707861679786,-16.9869318152522
2022,2022-10-18,"MA22","grassland","grassland","Unburned","PERENNIALS",0,0,0,100,NA,22.7333335876465,668,1,0.663,0.351,1992,4841,1.72536950551867,1.79701243033904,34.3175994647663,44.1525954134303,78.4701948781967,24.9677840246209,-17.1279937707198
2022,2022-10-25,"MA23","grassland","grassland","Unburned","PERENNIALS",0,0,0,85,NA,22.2333335876465,697,NA,0.702,0.351,1790.5,2918.5,1.55084041146143,1.08336723361795,32.6606990653778,26.6183329299931,59.2790319953709,25.1348198997288,-16.8781800587485
2022,2022-10-24,"MA24","grassland","grassland","Early","MIXTURE",23.67,21.33,341.33,90,NA,21.908332824707,709,3,0.741,0.312,1566,4072,1.35638988235052,1.51155435165061,30.1525470846521,33.0123470400493,63.1648941247013,24.907664449182,-16.802914074851
2022,2022-11-11,"MA25","grassland","grassland","Unburned","MIXTURE",9,8,128,90,NA,21.9333324432373,688,NA,0.663,0.351,1824.5,3918,1.58028948936687,1.45438849454005,31.4319579435071,35.734325310849,67.1662832543561,24.3036493007636,-17.0018046656332
2022,2022-11-02,"MA26","shrub",NA,"Late","ANNUALS",0,0,0,85,NA,21.9500007629395,683,8,0.468,0.117,1118,3212.5,0.968354973478852,1.19250205173811,13.5957038276431,9.7665918037351,23.3622956313782,24.6012432494752,-17.0976026466575
2022,2022-10-10,"MA27","woodland","woodland","Late","PERENNIALS",20,17.5,280,65,NA,24.0583343505859,628,2,1.287,0.897,1066.5,2757,0.923748281945613,1.02341732502474,35.6659211659201,64.2603738383032,99.9262950042233,25.1493009841995,-17.6562411466414
2022,2022-11-11,"MA28","woodland","woodland","Early","ANNUALS",0,0,0,90,NA,21.841667175293,694,2,0.468,0.078,1303,4134,1.12859260325845,1.53456917724057,15.8454401497486,8.37874770773353,24.2241878574821,24.3389538052463,-16.9616731330507
2022,2022-11-08,"MA31","woodland","woodland","Early","ANNUALS",11,9.67,154.67,95,NA,21.7000007629395,673,3,0.312,0.156,1392,4218.5,1.20567989542268,1.56593615727851,11.2851638211563,17.1000228374813,28.3851866586376,24.306161779048,-17.2231458849419
2022,2022-11-08,"MA32","woodland","woodland","Late","ANNUALS",0,0,0,65,NA,22.033332824707,696,2,1.365,0.312,1294.5,2430.5,1.12123033378209,0.902218283813065,45.9143821683765,19.7044473184773,65.6188294868538,24.7237875300455,-16.9545701358141
2022,2022-11-07,"MA34","grassland","grassland","Early","BARE",0,0,0,90,NA,21.7333335876465,655,3,0.702,0.312,1394.5,3927.5,1.20784526879808,1.45791495975141,25.4372213608877,31.8408627209709,57.2780840818586,24.3067991369754,-17.3923321801169
2022,2022-10-01,"MA35","dambo woodland","woodland","Unburned","MIXTURE",15,14,224,100,NA,23.8333339691162,635,6,0.78,0.195,1855.5,4882,1.60714011922183,1.81223191177757,37.6070787897909,24.7369655957638,62.3440443855547,25.1454244353986,-17.4521006207494
2022,2022-11-02,"MA36","grassland","grassland","Late","ANNUALS",0,0,0,95,NA,22.2916660308838,709,9,0.195,0.078,1117.5,4332,0.967921898803772,1.60806813638272,5.66234310800206,8.78005202464964,14.4423951326517,25.2324852285961,-16.8409407674385
2022,2022-10-16,"MA37","woodland","woodland","Unburned","MIXTURE",13,12,192,100,NA,23.0416660308838,680,NA,0.429,0.078,1864.5,4825,1.61493546337327,1.79107312050938,20.784219413614,9.77925923798119,30.5634786515952,25.0858144565664,-17.1461767476609
2022,2022-10-10,"MA38","woodland","woodland","Unburned","PERENNIALS",52,50,800,95,NA,23.8166656494141,635,NA,0.702,0.312,1896,4212,1.64221916790331,1.56352331266021,34.5851356760437,34.1473491484989,68.7324848245426,25.1965462923885,-17.5326333520104
2022,2022-11-09,"MA39","woodland","woodland","Early","MIXTURE",11,10,160,95,NA,21.9333343505859,678,4,0.273,0.078,1790,4631.5,1.55040733678635,1.71924459225682,12.6978360882802,9.38707547372226,22.0849115620025,24.1398031379813,-17.0999826534118
2022,2022-11-07,"MA40","woodland","woodland","Late","ANNUALS",0,0,0,95,NA,21.9249992370605,710,5,0.39,0.312,1100.5,3088.5,0.953197359851052,1.14647240055818,11.1524091102573,25.0389572281906,36.1913663384479,24.5064850445503,-16.8179791148593
2022,2022-11-01,"MA41","woodland","woodland","Late","ANNUALS",0,0,0,95,NA,21.9833335876465,659,3,0.234,0.156,1172,3375.5,1.01512703838749,1.25300877062785,7.12619180948018,13.6828557752562,20.8090475847364,24.5517092141355,-17.3237529777181
2022,2022-11-08,"MA42","woodland","woodland","Early","BARE",0,0,0,90,NA,21.7416667938232,671,3,0.468,0.39,1381.5,3716,1.196585327246,1.37940470794049,16.8000579945339,37.6577485267753,54.4578065213092,24.2525069022022,-17.1975406895498
2022,2022-11-05,"MA43","woodland","woodland","Unburned","ANNUALS",0,0,0,100,NA,21.8333339691162,693,2,0.234,0.117,1217,2858.5,1.05410375914469,1.06109482175669,7.39980838919572,8.69036659018733,16.090174979383,24.5626585490069,-17.0042407835693
2022,2022-10-05,"MA44","woodland","woodland","Early","MIXTURE",0,0,0,100,NA,22.3250007629395,659,2,0.156,0.078,937.5,2340,0.812015015774976,0.868624062589003,3.80023027382689,4.74268738173596,8.54291765556285,24.6816983870369,-17.2536313430083
2022,2022-10-24,"MA45","dambo woodland","woodland","Unburned","MIXTURE",25.67,24,384,95,NA,21.7083339691162,727,4,0.195,0.078,1685.5,4083,1.45989472969464,1.5156376271585,8.54038416871363,8.27538144428543,16.8157656129991,24.8666605732818,-16.7117412651718
2022,2022-11-02,"MA46","grassland","grassland","Early","PERENNIALS",0,0,0,95,NA,22.216667175293,707,3,0.312,0.273,1214.5,4040.5,1.05193838576929,1.49986133542345,9.84614329080055,28.6623501199421,38.5084934107426,25.1860565240853,-16.8312830202297
2022,2022-10-16,"MA47","woodland","woodland","Unburned","BARE",0,0,0,95,NA,22.841667175293,680,NA,0.351,0.117,1781,4148.5,1.54261199263491,1.53995167677371,16.2437042824457,12.6122042327767,28.8559085152223,25.1714521088334,-17.045572009472
2022,2022-11-03,"MA48","woodland","woodland","Late","PERENNIALS",0,0,0,95,NA,21.9500007629395,712,1,0.234,0.078,1462,4004.5,1.26631034993388,1.48649788830669,8.88949865653586,8.11627847015455,17.0057771266904,24.8358512180546,-16.8717530948973
2022,2022-10-27,"MA50","woodland","woodland","Unburned","MIXTURE",12,11,176,95,NA,22.3500003814697,690,4,0.507,0.117,1900,3993,1.64568376530395,1.48222900936662,25.0308500702731,12.1394555867126,37.1703056569857,24.9766559418543,-16.9471424676936
2022,2022-10-25,"MA51","woodland","woodland","Early","ANNUALS",16.67,14,224,95,NA,22.033332824707,707,2,0.39,0.195,1678,4149.5,1.45339860956844,1.54032288363806,17.0047637319507,21.0254073616596,38.0301710936103,24.9922456867672,-16.8035402885781
2022,2022-10-10,"MA52","dambo woodland","woodland","Unburned","PERENNIALS",17.67,15.67,250.67,85,NA,23.7583332061768,661,3,1.365,0.624,1370.5,3256.5,1.18705768439425,1.2088351537697,48.6100121759443,52.8019195166603,101.411931692605,25.279033940433,-17.5261563382379
2022,2022-11-08,"MA53","woodland","woodland","Unburned","ANNUALS",0,0,0,100,NA,22.2916660308838,665,1,0.429,0.351,916.5,2163,0.793825879421617,0.802920447598297,10.2165390681562,19.7277553974901,29.9442944656464,24.6868078943531,-17.182237312996
2022,2022-10-24,"MA54","woodland","woodland","Early","MIXTURE",0,0,0,95,NA,21.8250007629395,717,3,0.351,0.117,2091.5,4350.5,1.81155136585959,1.61493546337327,19.0756358825014,13.2263214450271,32.3019573275286,24.7276454092661,-16.7929910301846
2022,2022-10-04,"MA55","woodland","woodland","Unburned","PERENNIALS",13,12,192,100,NA,22.8083343505859,634,NA,0.195,0.117,1460.5,2468.5,1.26501112590864,0.916324144658528,7.40031508656556,7.50469474475334,14.9050098313189,24.7620550991577,-17.4393594554886
2022,2022-11-14,"MA56","grassland","grassland","Unburned","MIXTURE",34,32,512,95,NA,22.0083332061768,686,2,0.195,0.156,1562.5,3969.5,1.35335835962496,1.47350564805429,7.91714640380602,16.0906816767529,24.0078280805589,24.135628135736,-16.9437749825913
2022,2022-11-04,"MA57","dambo grassland",NA,"Unburned","PERENNIALS",0,0,0,85,NA,22.0416660308838,697,1,0.234,0.078,1367.5,3682,1.18445923634377,1.36678367455244,8.31490383913323,7.46263886305632,15.7775427021896,24.5613551757486,-16.8387086328697
2022,2022-10-01,"MA58","woodland","woodland","Unburned","ANNUALS",0,0,0,100,NA,21.9166660308838,710,4,0.195,0.156,1232,3297.5,1.06709599939709,1.22405463520822,6.24251159647297,13.3666766164738,19.6091882129467,24.4129818711569,-16.7907026105194
2022,2022-11-07,"MA59","woodland","woodland","Early","ANNUALS",0,0,0,100,NA,21.966667175293,705,4,0.195,0.117,1283.5,2816,1.11170269093033,1.04531853002164,6.50346074194242,8.56115876087721,15.0646195028196,24.6197592093829,-16.8464942792737
2022,2022-11-02,"MA61","woodland","woodland","Late","ANNUALS",0,0,0,95,NA,22.1499996185303,680,NA,0.312,0.078,1102.5,2512.5,0.954929658551372,0.932657246690116,8.93814160404084,5.09230856692803,14.0304501709689,24.6588489477048,-17.0442220850996
2022,2022-11-10,"MA62","dambo grassland","grassland","Unburned","PERENNIALS",24,22.67,362.67,65,NA,23.1666660308838,662,NA,0.195,0.351,1336,2532.5,1.15717553181373,0.940081383977201,6.7694768611103,23.0977996043198,29.8672764654301,24.9644037166296,-17.2704811103531
2022,2022-10-25,"MA63","woodland","woodland","Unburned","BARE",0,0,0,95,NA,21.7416667938232,731,3,0.156,0.078,1443.5,4469.5,1.25028658695592,1.65910908023143,5.85134122695372,9.05873557806362,14.9100768050173,24.6776224762256,-16.5640453508085
2022,2022-11-10,"MA64","dambo woodland","woodland","Late","ANNUALS",0,0,0,85,NA,23.1666660308838,662,1,0.234,0.156,1402.5,3430,1.21477446359936,1.27323954473516,8.52771673446754,13.903775828508,22.4314925629755,24.9629059399532,-17.2715771719377
2022,2022-10-06,"MA65","woodland","woodland","Unburned","PERENNIALS",11.67,11,176,90,NA,22.8583335876465,654,NA,0.546,0.468,1922,4434.5,1.66473905100747,1.64611683997903,27.2684256555024,53.9267876777131,81.1952133332155,24.8885472000072,-17.2581971615806
2022,2022-11-10,"MA66","woodland","woodland","Early","MIXTURE",17,16,256,95,NA,21.8583335876465,678,1,0.195,0.156,1425,4118.5,1.23426282397796,1.52881547084308,7.22043752027109,16.6946649416064,23.9151024618775,24.2499280001478,-17.1073243696598
2022,2022-11-05,"MA67","woodland","woodland","Unburned","ANNUALS",0,0,0,90,NA,21.9416656494141,697,4,0.234,0.078,1184,2961.5,1.02552083058941,1.09932912878518,7.19915623073766,6.00233704316711,13.2014932739048,24.5521378679275,-16.9156392687943
2022,2022-10-16,"MA68","woodland","woodland","Early","MIXTURE",21,20,320,100,NA,22.6416664123535,693,1,0.156,0.078,1923.5,2413,1.66603827503271,0.895722163686865,7.79705912715309,4.89064301373028,12.6877021408834,25.1960864790172,-16.9910443999098
2022,2022-10-16,"MA69","grassland","grassland","Unburned","MIXTURE",12,11.33,181.33,85,NA,22.9333343505859,676,2,0.858,0.312,1639.5,3857.5,1.42005185958728,1.43193047924662,36.5521348657765,31.2733616667461,67.8254965325226,25.0759600953195,-17.1312112405264
2022,2022-11-17,"MA70","woodland","woodland","Unburned","ANNUALS",17,15.67,250.67,100,NA,21.9166660308838,706,4,0.468,0.273,1196,2662,1.03591462279133,0.98815267291108,14.5442413039903,18.8835975793307,33.427838883321,24.3782217207874,-16.7936224613938
2022,2022-11-14,"MA73","dambo woodland","woodland","Late","ANNUALS",0,0,0,80,NA,21.9333343505859,700,4,1.95,0.936,1112.5,3091,0.963591152052972,1.14740041771906,56.3700823950988,75.177675368953,131.547757764052,24.2778427453175,-16.8775998647317
2022,2022-10-16,"MA74","dambo woodland","woodland","Late","ANNUALS",0,0,0,75,NA,22.8833332061768,679,3,0.546,0.117,1203,3020,1.04197766824245,1.12104473034991,17.0675942058113,9.18135634156576,26.2489505473771,25.2070219966005,-17.0417958809979
2022,2022-11-08,"MA76","woodland","woodland","Unburned","PERENNIALS",0,0,0,95,NA,21.8166656494141,668,8,0.351,0.273,1304.5,4057.5,1.12989182728369,1.50617185211747,11.8977609412972,28.7829440939649,40.6807050352621,24.2163736867422,-17.2356952021918
2022,2022-10-12,"MA77","dambo grassland",NA,"Unburned","PERENNIALS",56.67,54.33,869.33,50,NA,23.3250007629395,658,3,0.82,0.11,1098,2346,0.951031986475652,0.870851303775129,23.395386867301,6.70555503906849,30.1009419063695,25.0363236906734,-17.2969197232475
2022,2022-11-02,"MA78","woodland","woodland","Unburned","ANNUALS",0,0,0,95,NA,21.8583335876465,674,NA,0.4418622,0.2113254,1347.5,2643.5,1.16713624934057,0.981285345920526,15.4714017250011,14.5159362768555,29.9873380018567,24.504596667072,-17.1643397323451
2022,2022-11-01,"MA79","grassland","grassland","Late","ANNUALS",0,0,0,80,NA,22.125,676,8,0.4034394,0.1729026,1066.5,2589,0.923748281945613,0.961054571813218,11.1802935785751,11.6318183945874,22.8121119731625,24.6292977454697,-17.1385092435944
2022,2022-11-13,"MA80","dambo grassland",NA,"Unburned","PERENNIALS",11.67,10,160,90,NA,22.1916656494141,689,NA,0.5187078,0.4418622,1637.5,4176.5,1.41831956088696,1.55034546897563,22.0708025737392,47.9527341777122,70.0235367514514,24.1402677066082,-16.8638774683661
2022,2022-11-07,"MA81","woodland","woodland","Late","ANNUALS",0,0,0,95,NA,21.9500007629395,699,4,0.2497482,0.096057,1167.5,3066.5,1.01122936631177,1.13830584954238,7.57658142070516,7.65395714926449,15.2305385699697,24.6619496544651,-16.9471862701676
2022,2022-10-12,"MA82","dambo woodland","woodland","Unburned","ANNUALS",14.33,13,208,85,NA,23.2083339691162,666,3,1.056627,0.5187078,1335.5,3658,1.15674245713865,1.35787470980794,36.6673593677711,49.303814238008,85.971173605779,25.1505154354919,-17.1720606108462
2022,2022-11-07,"MA85","dambo grassland",NA,"Late","ANNUALS",0,0,0,80,NA,22.0083332061768,705,NA,0.6339762,0.288171,1151,3128.5,0.996937902034131,1.16132067513235,18.9610470830271,23.4261258191495,42.3871729021766,24.6023459975441,-16.7512272915764
2022,2022-10-05,"MA86","woodland","woodland","Late","ANNUALS",13,11,176,60,NA,22.466667175293,649,2,0.480285,0.3650166,846.5,2285.5,0.733195424910419,0.848393288481695,10.564282939593,21.6774343537085,32.2417172933015,24.7037663206527,-17.3510555745701
2022,2022-11-09,"MA87","woodland","woodland","Early","MIXTURE",11,10,160,95,NA,21.908332824707,682,3,0.5187078,0.3650166,1327,4139,1.14938018766229,1.53642521156234,17.8857740551768,39.2574494815137,57.1432235366905,24.2413087229191,-17.051695034679
2022,2022-10-06,"MA88","grassland","grassland","Unburned","MIXTURE",63.33,58.33,933.33,95,NA,23.033332824707,652,5,0.4418622,0.3650166,1022.5,4555.5,0.885637710538574,1.6910328705659,11.7398948154461,43.2078548231543,54.9477496386004,24.9112427123639,-17.2925660796668
2022,2022-10-04,"MA89","woodland","woodland","Late","ANNUALS",11,9.67,154.67,95,NA,22.8166675567627,632,NA,0.288171,0.096057,1272,4210.5,1.10174197340349,1.56296650236367,9.52470258652969,10.5093711322283,20.034073718758,24.8105194719874,-17.4372244283692
2022,2022-10-01,"MA90","woodland","woodland","Early","PERENNIALS",0,0,0,95,NA,21.8583335876465,664,2,0.4034394,0.1344798,928,4249.5,0.803786596948456,1.57744357007349,9.72837547202781,14.8494007070338,24.5777761790617,24.4782285400642,-17.2879411685239
2022,2022-10-17,"MA92","grassland","grassland","Unburned","PERENNIALS",11,11,176,95,NA,22.375,693,NA,0.5187078,0.2113254,1949,4282,1.68812508346179,1.589507793165,26.2693094450185,23.5132359135598,49.7825453585783,25.1704748288969,-16.9459355116254
2022,2022-11-09,"MA95","woodland","woodland","Early","PERENNIALS",9,8,128,80,NA,21.9333324432373,680,4,0.4034394,0.2497482,2019.5,1833.5,1.74918861264807,0.680607785793563,21.1707481312071,11.898639858555,33.069387989762,24.1654708129168,-17.039398350326
2022,2022-10-17,"MA96","woodland","woodland","Unburned","MIXTURE",18,17,272,80,NA,22.5499992370605,694,3,0.8260902,0.1729026,1397.5,1477,1.21044371684856,0.548272538651264,29.9980707642052,6.63584232089828,36.6339130851035,25.275277383819,-16.9539592054739
2022,2022-10-01,"MA98","grassland","grassland","Early","MIXTURE",27.67,20,320,90,NA,22.4416675567627,701,NA,1.0182042,0.2497482,2079,3988,1.80072449898259,1.48037297504485,55.005157437209,25.8804340092267,80.8855914464357,25.2415496047284,-16.9563370235745
2022,2022-10-10,"MA99","dambo grassland","grassland","Unburned","MIXTURE",17,16,256,85,NA,23.6083335876465,642,NA,1.0182042,0.3650166,1747,3123.5,1.51316291472948,1.15946464081058,46.2212650518538,29.6256688706229,75.8469339224767,25.2476754092672,-17.4629937344457
2022,2022-10-18,"MA100","woodland","woodland","Early","BARE",0,0,0,90,NA,22.6833324432373,673,5,0.288171,0.1729026,1696,4298,1.46898929787132,1.59544710299467,12.6996034487063,19.3099866589173,32.0095901076235,24.9369248329584,-17.139281703942
2022,2022-10-10,"MA101","woodland","woodland","Unburned","PERENNIALS",11,10,160,85,NA,23.841667175293,650,NA,1.1900996,0.672399,1193.5,4006,1.03374924941593,1.48705469860323,36.9079370469059,69.9925864600277,106.900523506934,25.259150570577,-17.5648630176357
2022,2022-11-07,"MA102","dambo grassland","grassland","Late","PERENNIALS",58.67,55.33,885.33,75,NA,21.9750003814697,706,NA,0.2497482,0.096057,1144,2909,0.990874856583011,1.07984076840659,7.42407635570595,7.2608385283582,14.6849148840642,24.5827392235688,-16.7803737154352
2022,2022-10-06,"MA103","grassland",NA,"Unburned","PERENNIALS",14,13,208,90,NA,22.7999992370605,652,3,0.39,0.117,2107,4166,1.82497668078707,1.54644779689991,21.3522271652087,12.6654074566103,34.0176346218189,24.847712432028,-17.2882175157746
2022,2022-10-23,"MA104","woodland","woodland","Late","PERENNIALS",17.5,14.5,232,85,NA,21.8333339691162,722,1,0.273,0.078,2077.5,3735.5,1.79942527495735,1.38664324179539,14.7372930019007,7.57107210020285,22.3083651021035,24.9434835731317,-16.7316017366165
2022,2022-11-01,"MA105","dambo grassland","grassland","Unburned","MIXTURE",16,15,240,80,NA,22.2083339691162,661,NA,0.156,0.039,1098.5,3250,0.951465061150732,1.20642230915139,4.45285648618543,3.2935329039833,7.74638939016873,24.6243326078647,-17.2140746718986
2022,2022-11-05,"MA106","woodland","woodland","Unburned","ANNUALS",0,0,0,100,NA,21.908332824707,702,6,0.156,0.078,1279,2938,1.10780501885461,1.09060576747286,5.18452748823956,5.95470749040181,11.1392349786414,24.5719294428811,-16.8971682739394
2022,2022-10-31,"MA107","dambo grassland","grassland","Unburned","PERENNIALS",22,21,336,85,NA,21.9833335876465,712,NA,2.496,0.234,607.5,3380,0.526185730222185,1.25467920151745,39.4007874790372,20.5516453208558,59.952432799893,24.6541686334242,-16.7241449536939
2022,2022-11-08,"MA108","woodland","woodland","Unburned","BARE",0,0,0,100,NA,21.7916660308838,677,6,0.234,0.078,1490,2598,1.29056253173836,0.964395433592406,9.0597489728033,5.26559906741454,14.3253480402178,24.3818123756879,-17.1709849258697
2022,2022-10-01,"MA109","shrub",NA,"Unburned","PERENNIALS",32,31,496,95,NA,23.6749992370605,640,2,1.599,0.78,1473,4333,1.27583799278564,1.60843934324707,61.2019485139273,87.8207881412902,149.022736655217,25.246742810095,-17.4719036885159
2022,2022-10-31,"MA110","grassland","grassland","Late","MIXTURE",9.67,9,144,95,NA,21.7000007629395,731,NA,0.312,0.156,1638.5,4154.5,1.41918571023712,1.54217891795983,13.2835782478194,16.8405937841214,30.1241720319408,24.7573133533657,-16.6096102952026
2022,2022-11-14,"MA111","woodland","woodland","Late","ANNUALS",19.67,19,304,100,NA,21.908332824707,696,1,0.195,0.078,979.5,2554,0.848393288481695,0.948062331560818,4.96310073761792,5.17642033032207,10.13952106794,24.2910206013535,-16.9078665202045
2022,2022-11-16,"MA113","woodland","woodland","Late","ANNUALS",0,0,0,100,NA,21.9166660308838,708,5,0.351,0.039,907,2303.5,0.785597460595097,0.855075012040072,8.27234126006637,2.3343547828694,10.6066960429358,24.4443011660367,-16.771620586651
2022,2022-11-01,"MA114","woodland","woodland","Late","MIXTURE",0,0,0,95,NA,21.75,720,5,0.312,0.195,1778.5,4318,1.54044661925951,1.60287124028176,14.4185803562691,21.879192429846,36.2977727861151,24.7456032434008,-16.7246845823693
2022,2022-10-04,"MA115","woodland","woodland","Unburned","ANNUALS",20.33,19,304,100,NA,23.2333335876465,628,NA,0.351,0.156,1070.5,2356,0.927212879346253,0.874563372418672,9.76355161951604,9.55023202681189,19.3137836463279,24.8855893511101,-17.4767287198472
2022,2022-10-05,"MA116","dambo woodland","woodland","Unburned","PERENNIALS",18.33,15,240,60,NA,22.3916664123535,656,NA,0.468,0.078,1045.5,1696,0.905559145592253,0.62956684194485,12.7140504041152,3.43743495701888,16.1514853611341,24.6804188358228,-17.2830105014775
2022,2022-10-27,"MA117","grassland","grassland","Late","BARE",0,0,0,95,NA,22.4583339691162,666,1,0.273,0.117,1630,4022.5,1.41182344076076,1.49317961186507,11.5628339798306,12.2291410211749,23.7919750010055,24.7684717594896,-17.1706187605883
2022,2022-11-03,"MA118","grassland","grassland","Early","PERENNIALS",0,0,0,95,NA,22.1833324432373,677,3,0.429,0.156,1426,4231,1.23512897332812,1.57057624308294,15.896109886733,17.1506925744657,33.0468024611986,24.7532218744095,-17.0601485213874
2022,2022-11-01,"MA119","woodland","woodland","Late","ANNUALS",0,0,0,95,NA,22.0166664123535,657,5,0.234,0.156,973,4179,0.842763317705655,1.55127348613651,5.9161984902937,16.9399064686107,22.8561049589044,24.5509020062203,-17.3392336979628
2022,2022-10-06,"MA121","woodland","woodland","Unburned","MIXTURE",14.67,13.33,213.33,95,NA,22.7000007629395,657,NA,0.429,0.273,1909,4069.5,1.65347910945539,1.51062633448972,21.2802761386909,28.8680692520986,50.1483453907895,24.8549657393587,-17.2465126950811
2022,2022-10-16,"MA122","shrub",NA,"Unburned","MIXTURE",12.33,10.67,170.67,90,NA,22.9833335876465,684,NA,1.17,0.117,1845.5,4053.5,1.59847862572023,1.50468702466005,56.1065997627802,12.3233867319658,68.429986494746,25.0716228106869,-17.1481198982835
2022,2022-10-04,"MA123","woodland","woodland","Unburned","PERENNIALS",9.33,6.33,101.33,100,NA,22.841667175293,635,NA,0.273,0.117,1410,2434.5,1.22127058372556,0.903703111270482,10.0022060807124,7.40132848130525,17.4035345620176,24.7662927288752,-17.4445471013192
2022,2022-11-07,"MA124","cropland",NA,"Unburned","BARE",0,0,0,95,NA,21.8916664123535,646,NA,0.39,0.234,1550.5,3702,1.34296456742304,1.37420781183953,15.7126854388496,22.5095239579314,38.222209396781,24.2636152014175,-17.4606122584613
2022,2022-10-31,"MA125","woodland","woodland","Late","BARE",0,0,0,95,NA,21.7250003814697,724,3,0.195,0.078,1783,4446.5,1.54434429133523,1.65057132235128,9.03441410431113,9.012119420038,18.0465335243491,24.6874786158068,-16.669460697122
2022,2022-11-09,"MA126","woodland","woodland","Early","MIXTURE",0,0,0,95,NA,21.966667175293,680,7,0.624,0.117,1278.5,4400.5,1.10737194417953,1.63349580659099,20.7300027950408,13.3783306559802,34.1083334510209,24.1073979176004,-17.0671952677057
2022,2022-11-08,"MA127","woodland","woodland","Early","ANNUALS",15,13.33,213.33,90,NA,21.7749996185303,674,1,0.234,0.078,1365,3743.5,1.18229386296837,1.38961289671023,8.29970291803793,7.58728641603784,15.8869893340758,24.2669370889914,-17.2200250471227
2022,2022-10-31,"MA128","woodland","woodland","Late","ANNUALS",0,0,0,85,NA,22.4833335876465,658,2,0.429,0.312,1304.5,3015.5,1.12989182728369,1.11937429946032,14.541707817141,24.4471347002133,38.9888425173543,24.7882431903195,-17.239466014118
2022,2022-10-16,"MA129","cropland",NA,"Unburned","BARE",0,0,0,95,NA,22.3999996185303,699,NA,0.156,0.039,1917,3661.5,1.66040830425667,1.35917393383318,7.77071086392122,3.71054483936457,11.4812557032858,25.2327888413289,-16.9474060635449
2022,2022-11-03,"MA130","woodland","woodland","Late","BARE",0,0,0,95,NA,21.9750003814697,704,6,0.39,0.078,1403,4105,1.21520753827444,1.5238041781743,14.217928197811,8.31997081283167,22.5378990106427,24.8406642348253,-16.9368776703078
2022,2022-11-03,"MA131","woodland","woodland","Late","BARE",0,0,0,95,NA,22.0666656494141,701,NA,0.546,0.117,1321,4147.5,1.14418329156133,1.53958046990935,18.7417223157745,12.6091640485576,31.3508863643321,24.8512524361722,-16.8954315268469
2022,2022-10-25,"MA132","woodland","woodland","Unburned","PERENNIALS",44.67,42.67,682.67,95,NA,21.9583339691162,720,2,0.312,0.078,2193,4072.5,1.89946552490082,1.51173995508278,17.7789973130717,8.254100154752,26.0330974678237,24.4139118272449,-16.5914485215701
2022,2022-11-13,"MA133","cropland",NA,"Unburned","BARE",0,0,0,90,NA,22.1000003814697,693,NA,0.312,0.195,1341,3871,1.16150627856453,1.4369417719154,10.871698767364,19.6142551866452,30.4859539540091,24.1870939826861,-16.8530747926874
2022,2022-11-08,"MA134","woodland","woodland","Late","ANNUALS",0,0,0,100,NA,22.0416660308838,693,NA,0.234,0.039,1124,2685.5,0.973551869579812,0.996876034223405,6.83433412445028,2.7214715734299,9.55580569788017,24.7113136038603,-16.9599681716241
2022,2022-10-16,"MA135","grassland","grassland","Unburned","PERENNIALS",10.33,9.67,154.67,95,NA,22.875,677,1,0.195,0.039,1443,4486.5,1.24985351228084,1.66541959692545,7.31164304684293,4.54659549960649,11.8582385464494,25.1121690225549,-17.0880923960431
2022,2022-11-17,"MA136","woodland","woodland","Late","BARE",25,24,384,100,NA,21.966667175293,709,3,0.39,0.234,1294,2382.5,1.12079725910701,0.88440035432406,13.113327931552,14.4864778038281,27.5998057353801,24.3296630634798,-16.756718307228
2022,2022-11-02,"MA137","grassland","grassland","Late","PERENNIALS",0,0,0,90,NA,22.091667175293,679,4,0.273,0.078,1122.5,2769.5,0.972252645554572,1.02805741082916,7.96274916709194,5.61319346312724,13.5759426302192,24.6425994648262,-17.069995308094
2022,2022-10-05,"MA138","shrub",NA,"Unburned","PERENNIALS",10.67,9.33,149.33,80,NA,22.4916667938232,654,1,0.39,0.117,986.5,2317,0.854456333932815,0.860086304708855,9.99713910701394,7.04410683556552,17.0412459425795,24.7547672794149,-17.2798183137799
2022,2022-11-14,"MA139","woodland","woodland","Late","ANNUALS",0,0,0,85,NA,22.6833343505859,656,8,0.702,0.273,1151,2416,0.996937902034131,0.896835784279928,20.9955122168388,17.1385318375894,38.1340440544282,24.8189511192107,-17.2614918082918
2022,2022-10-16,"MA140","woodland","woodland","Unburned","MIXTURE",18.67,15.33,245.33,95,NA,22.7749996185303,666,2,0.312,0.234,2015,3500.5,1.74529094057235,1.29940962867214,16.3359232037572,21.2843297176496,37.6202529214068,24.984056589113,-17.1281475927718
2022,2022-10-07,"MA141","grassland","grassland","Early","ANNUALS",0,0,0,95,NA,22.2416667938232,652,1,0.273,0.078,1830.5,4848.5,1.58548638546783,1.7997964818217,12.9851334969816,9.82688879074649,22.812022287728,24.5937206119874,-17.3739237789595
2022,2022-10-03,"MA142","woodland","woodland","Late","PERENNIALS",17.67,16.67,266.67,90,NA,21.9833335876465,691,2,0.468,0.117,1331,4614.5,1.15284478506293,1.7129340755628,16.1859407822835,14.0289300788593,30.2148708611428,24.7511074287853,-17.0115779358909
2022,2022-11-08,"MA143","woodland","woodland","Unburned","ANNUALS",26.67,25,400,100,NA,22.908332824707,658,1,0.312,0.156,1234,2412,1.06882829809741,0.895350956822511,10.0042328701917,9.77723244850182,19.7814653186936,24.9468529725699,-17.2198536764748
2022,2022-10-20,"MA144","woodland","woodland","Unburned","ANNUALS",12.67,11,176,85,NA,23.4333343505859,659,NA,0.273,0.078,1360.5,3340.5,1.17839619089265,1.24001653037546,9.65106480341077,6.77049025584998,16.4215550592608,24.959127039126,-17.421122894255
2022,2022-10-27,"MA145","grassland","grassland","Unburned","MIXTURE",17,15.67,250.67,95,NA,22.2666664123535,684,2,0.624,0.117,1610.5,4215,1.39493352843264,1.56463693325327,26.113155652259,12.8143764833443,38.9275321356033,24.9261979383924,-16.9909871215637
2022,2022-10-10,"MA146","woodland","woodland","Late","ANNUALS",0,0,0,100,NA,21.966667175293,704,2,0.234,0.039,1340.5,3129.5,1.16107320388945,1.1616918819967,8.15073389130391,3.171418837851,11.3221527291549,24.6142399809053,-16.8580016008988
2022,2022-11-07,"MA147","woodland","woodland","Late","BARE",0,0,0,100,NA,21.716667175293,656,NA,0.273,0.156,1389,4176,1.2030814473722,1.55015986554345,9.85323705397836,16.9277457317345,26.7809827857129,24.2119387782709,-17.3665928164215
2022,2022-10-01,"MA148","woodland","woodland","Early","ANNUALS",12.33,11.67,186.67,90,NA,21.7000007629395,665,4,0.429,0.117,1363,4021,1.18056156426805,1.49262280156854,15.1938273321297,12.2245807448463,27.4184080769761,24.3628929155957,-17.3110863121514
2022,2022-11-04,"MA149","woodland","woodland","Unburned","ANNUALS",24,23,368,95,NA,21.8833332061768,685,4,0.195,0.039,818,4585,0.708510168430859,1.70198347306435,4.14478448532053,4.64641488146568,8.7911993667862,24.4543785259629,-17.0815392957008
2022,2022-10-12,"MA150","dambo woodland","woodland","Late","ANNUALS",0,0,0,85,NA,23.5083332061768,664,2,0.39,0.078,1470.5,3525.5,1.27367261941024,1.308689800281,14.9019696470998,7.14544630953424,22.0474159566341,25.0807206434423,-17.361643036018
2022,2022-10-24,"MA151","woodland","woodland","Late","PERENNIALS",24,22.67,362.67,95,NA,21.716667175293,723,6,0.585,0.195,1604,4312,1.3893035576566,1.60064399909563,24.3822774368733,21.8487905876554,46.2310680245287,24.8812290751557,-16.7651861838201
2022,2022-11-01,"MA152","cropland",NA,"Unburned","ANNUALS",0,0,0,85,NA,22.1000003814697,664,NA,0.234,0.039,1738.5,2807.5,1.50580064525312,1.04216327167463,10.5707205296769,2.84510573167173,13.4158262613486,24.6011748083837,-17.2191384498642
2022,2022-10-31,"MA153","woodland","woodland","Late","ANNUALS",0,0,0,90,NA,22.4583339691162,662,5,0.156,0.039,1601.5,3325.5,1.3871381842812,1.23444842741014,6.49180670243601,3.37004420682969,9.8618509092657,24.7741303343371,-17.2043228123067
2022,2022-10-10,"MA154","grassland","grassland","Unburned","ANNUALS",33,30.33,485.33,85,NA,23.8500003814697,650,NA,0.936,0.585,1158,3457.5,1.00300094748525,1.28344773350491,28.1642666053858,52.5571846870259,80.7214512924117,25.242543138622,-17.5610025992784
2022,2022-10-18,"MA155","woodland","woodland","Late","MIXTURE",0,0,0,95,NA,22.6416664123535,670,4,0.234,0.078,1857,3968,1.60843934324707,1.47294883775776,11.2912441895945,8.04230065415738,19.3335448437518,24.9352924890088,-17.1271316385149
2022,2022-11-11,"MA156","woodland","woodland","Early","ANNUALS",13,12,192,95,NA,21.783332824707,656,4,0.273,0.078,1269,4509.5,1.09914352535301,1.6739573548056,9.00198547264113,9.13980715723859,18.1417926298797,24.4005223280112,-17.3716921214399
2022,2022-10-11,"MA158","dambo grassland","grassland","Late","MIXTURE",0,0,0,50,NA,23.5499992370605,669,6,0.507,0.156,443,2455,0.383704162120869,0.911312851989745,5.83614030585841,9.95153634372801,15.7876766495864,25.0596440091421,-17.4162272585298
2022,2022-11-01,"MA159","woodland","woodland","Late","MIXTURE",0,0,0,80,NA,22.0750007629395,674,8,0.78,0.117,1239.5,2544.5,1.07359211952329,0.944535866349452,25.122055596845,7.73574874540201,32.857804342247,24.5772649401259,-17.1453803101709
2023,NA,"MA160",NA,NA,"Early","MIXTURE",29.23,28.07,449.07,95,NA,21.75,689,2,0.585,0.195,1304.5,3114.5,1.12989182728369,1.15612377903139,19.8296015688287,15.7810895837785,35.6106911526072,24.5296766953551,-17.0237778699584
2023,NA,"MA161",NA,NA,"Early","PERENNIALS",29.4,28.17,450.67,90,NA,21.7916660308838,730,2,0.507,0.351,1891.5,4440.5,1.63832149582759,1.64834408116516,24.9188699515377,40.4998140742279,65.4186840257656,24.522059828859,-16.55099775328
2023,NA,"MA162",NA,NA,"Early","PERENNIALS",34.13,32.57,521.07,70,NA,23.8250007629395,624,9,1.46,1.03,823,2622.5,0.712840915181659,0.973490001769086,31.2224320849567,70.1886291275511,101.411061212508,25.090692263778,-17.574864848564
2023,NA,"MA163",NA,NA,"Unburned","MIXTURE",30.13,28.9,462.4,90,NA,21.75,734,6,0.195,0.117,1747.5,4184.5,1.51359598940456,1.55331512389046,8.85453653801665,12.7216508646629,21.5761874026795,24.6712314504548,-16.4392369116163
2023,NA,"MA164",NA,NA,"Late","MIXTURE",38.2,37.6,601.6,95,NA,22.1083335876465,691,1,0.468,0.117,1754.5,2939.5,1.51965903485568,1.09116257776939,21.3360128493737,8.93662151193131,30.272634361305,24.1945735880137,-16.8539177666296
2023,NA,"MA165",NA,NA,"Early","PERENNIALS",36.97,34.8,556.8,80,NA,22.5249996185303,699,4,0.78,0.585,1022,2895.5,0.885204635863494,1.0748294757378,20.7137884792058,44.014267031463,64.7280555106688,25.1110098387205,-17.0114613222557
2023,NA,"MA166",NA,NA,"Early","ANNUALS",0,0,0,95,NA,22.408332824707,687,4,0.468,0.156,1236.5,3145.5,1.07099367147281,1.16763119182637,15.0367511474782,12.750532614744,27.7872837622222,25.0061286160504,-16.9916407389992
2023,NA,"MA167",NA,NA,"Early","PERENNIALS",29.87,28.87,461.87,95,NA,22.408332824707,665,5,0.507,0.312,1388,3265,1.20221529802204,1.21199041211671,18.2856946829153,26.4698706006289,44.7555652835442,24.7679395448296,-17.1333939884835
2023,NA,"MA168",NA,NA,"Unburned","ANNUALS",30,28.97,463.47,90,NA,21.8249988555908,683,1,0.351,0.078,939,3522,0.813314239800216,1.30739057625576,8.56419894509628,7.13835254635643,15.7025514914527,24.419138234668,-17.0884906919365
2023,NA,"MA169",NA,NA,"Late","MIXTURE",21.1,20.13,322.13,90,NA,22.533332824707,651,1,0.897,0.195,1888,4012.5,1.63528997310203,1.48946754322153,44.0056531761757,20.3312319649739,64.3368851411495,24.7291108738721,-17.3208935416186
2023,NA,"MA170",NA,NA,"Unburned","PERENNIALS",27,25.77,412.27,75,NA,21.7416667938232,729,5,1.326,0.546,2279,4496,1.97395436901458,1.66894606213682,78.5239047994001,63.7871184948693,142.311023294269,24.5645906301563,-16.5556362564732
2023,NA,"MA171",NA,NA,"Late","ANNUALS",0,0,0,85,NA,21.8916664123535,685,9,0.429,0.156,1236.5,3289.5,1.07099367147281,1.22108498029339,13.783688551855,13.3342479848038,27.1179365366588,24.5924317823908,-17.0794866379533
2023,NA,"MA172",NA,NA,"Early","ANNUALS",35.37,33.93,542.93,95,NA,21.8500003814697,689,6,0.312,0.195,1128.5,3232,0.977449541655531,1.19974058559302,9.14892770989577,16.3764589933447,25.5253867032405,24.3564185296276,-17.0162700842427
2023,NA,"MA173",NA,NA,"Unburned","MIXTURE",38.47,36.2,579.2,95,NA,22.658332824707,657,NA,0.975,0.195,1375.5,2945,1.19138843114505,1.09320421552334,34.8481116109926,14.9222375418936,49.7703491528862,24.8627062653828,-17.2304873129867
2023,NA,"MA174",NA,NA,"Unburned","MIXTURE",29.17,28.07,449.07,90,NA,21.8999996185303,715,6,0.39,0.117,2128,4432.5,1.84316581714043,1.64537442625032,21.565040060543,13.4756165509901,35.0406566115331,24.6581474958289,-16.7619950438396
2023,NA,"MA175",NA,NA,"Early","ANNUALS",52.6,51.03,816.53,95,NA,22.1916656494141,690,NA,0.234,0.078,1258.5,3433.5,1.09004895717633,1.2745387687604,7.65214367937782,6.9589816774318,14.6111253568096,24.1308440883634,-16.8645313804607
2023,NA,"MA176",NA,NA,"Early","ANNUALS",39.23,37.73,603.73,95,NA,22.1499996185303,671,5,0.273,0.117,1340.5,3011,1.16107320388945,1.11770386857072,9.50918953985456,9.15399468359421,18.6631842234488,24.636588256813,-17.1547637416911
2023,NA,"MA177",NA,NA,"Early","MIXTURE",26.53,25.53,408.53,90,NA,21.8999996185303,713,3,0.429,0.156,1972,4378.5,1.70804651851547,1.62532925557519,21.9825586932941,17.7485954708811,39.7311541641752,24.6587976808605,-16.7957151302824
2023,NA,"MA178",NA,NA,"Early","ANNUALS",26.57,25.6,409.6,90,NA,22.0083332061768,702,2,0.507,0.156,1763,3563,1.52702130433204,1.32261005769428,23.2259940388903,14.4429018300216,37.6688958689118,24.892681522028,-16.862425436251
2023,NA,"MA179",NA,NA,"Early","ANNUALS",24.67,23.8,380.8,90,NA,21.8166656494141,678,4,0.273,0.117,1079.5,3270.5,0.935008223497693,1.21403204987066,7.6577173504461,9.94292248844067,17.6006398388868,24.3181854975911,-17.1384316606319
2023,NA,"MA180",NA,NA,"Late","ANNUALS",45.7,44.1,705.6,90,NA,22.0583343505859,713,6,0.468,0.117,1506.5,4236.5,1.304853996016,1.57261788083689,18.3201501040647,12.8797404440541,31.1998905481188,25.1745393590774,-16.7160817001364
2023,NA,"MA182",NA,NA,"Early","BARE",0,0,0,90,"A lot of dead Matter when assessing vegetation",21.625,738,NA,0.312,0.078,1674,3793.5,1.4499340121678,1.40817323992794,13.5713823538906,7.68862589000656,21.2600082438971,24.9561200099214,-16.6649135441169
2023,NA,"MA183",NA,NA,"Unburned","MIXTURE",42.67,38.07,609.07,90,NA,21.9916667938232,718,NA,0.468,0.273,1598,4055.5,1.38410666155564,1.50542943838876,19.4328575282412,28.7687565676092,48.2016140958504,25.1378826891317,-16.6735935595974
2023,NA,"MA184",NA,NA,"Early","PERENNIALS",37.5,35.3,564.8,90,NA,23.8500003814697,634,NA,1.677,0.826,1160.5,3243,1.00516632086065,1.20382386110091,50.5699176024993,69.6050956488548,120.175013251354,25.21641053982,-17.5082456769022
2023,NA,"MA185",NA,NA,"Early","ANNUALS",36.97,35.17,562.67,95,NA,21.8083324432373,683,3,0.351,0.156,1381,3181,1.19615225257092,1.18080903551095,12.5954832195718,12.8944346677796,25.4899178873514,24.3880223940958,-17.0950553312984
2023,NA,"MA186",NA,NA,"Early","MIXTURE",24.17,23,368,95,NA,22.8333339691162,681,4,0.507,0.234,1374.5,3249.5,1.19052228179489,1.20623670571922,18.1078439061002,19.7581572396808,37.866001145781,25.2005874422653,-17.0332001621123
2023,NA,"MA187",NA,NA,"Early","ANNUALS",36,34.5,552,90,NA,21.8833332061768,696,3,0.39,0.117,1442.5,3982,1.24942043760576,1.47814573385872,14.6182191199874,12.1060135603029,26.7242326802904,24.5482381194761,-16.9827234102285
2023,NA,"MA188",NA,NA,"Early","ANNUALS",29.57,28.27,452.27,85,NA,22.3666667938232,651,5,0.546,0.156,1466.5,2265,1.2702080220096,0.840783547762433,20.8060074005173,9.18135634156576,29.9873637420831,24.6621760002697,-17.3471049357076
2023,NA,"MA189",NA,NA,NA,"ANNUALS",29.33,28.73,459.73,85,"No trees",22.3250007629395,676,1,0.546,0.117,2416,2529.5,2.0926168299865,0.938967763384138,34.2770636751789,7.69014598211609,41.9672096572949,24.8726773925551,-17.0351009164238
2023,NA,"MA190",NA,NA,"Unburned","MIXTURE",50.63,48.13,770.13,90,"Vegetation sample taken on stream",21.783332824707,722,1,0.78,0.117,1649,4497.5,1.4282802784138,1.66950287243335,33.4217585148829,13.6732285252291,47.094987040112,24.7786593222092,-16.6631049564663
2023,NA,"MA191",NA,NA,"Unburned","PERENNIALS",23.9,22.6,361.6,90,NA,23.466667175293,659,3,1.326,0.585,1649,4497.5,1.4282802784138,1.66950287243335,56.8169894753009,68.3661426261457,125.183132101447,25.1272271068157,-17.362156491538
2023,NA,"MA193",NA,NA,"Unburned","ANNUALS",24.13,22.87,365.87,90,"Taken near Muchenje Tree. Overgrazing. Magumwi Area",23.1749992370605,672,NA,0.234,0.039,1637,4037,1.41788648621188,1.49856211139821,9.95356313320739,4.09107456411711,14.0446376973245,25.0820023233182,-17.2199218578046
2023,NA,"MA195",NA,NA,"Unburned","PERENNIALS",61.5,58.3,932.8,90,NA,23.25,663,2,1.95,0.936,1176.5,3477,1.01902471046321,1.29068626735981,59.6129455620978,84.565764237415,144.178709799513,25.1221184339158,-17.2134784042343
2023,NA,"MA196",NA,NA,"Late","MIXTURE",9.6,9.33,149.33,80,NA,22.625,670,NA,0.429,0.156,1676,2597.5,1.45166631086812,0.964209830160229,18.6829454208727,10.5291713453497,29.2121167662224,24.9489153612507,-17.1012776296403
2023,NA,"MA197",NA,NA,"Late","ANNUALS",47.93,45.77,732.27,100,"Vegetation sample on dried stream",22.1416664123535,688,NA,0.273,0.078,929.5,4083,0.805085820973696,1.5156376271585,6.59365287377457,8.27538144428543,14.86903431806,24.1949114437513,-16.8704845124824
2023,NA,"MA198",NA,NA,"Early","PERENNIALS",26.03,24.9,398.4,100,NA,21.875,718,4,0.39,0.156,1817,5743.5,1.57379336924067,2.13202662541878,18.4133824201159,23.2817307495731,41.6951131696889,24.4539931886908,-16.6883183691469
2023,NA,"MA202",NA,NA,"Unburned","ANNUALS",33.73,32.63,522.13,90,NA,22.3583335876465,674,3,0.507,0.117,1049,3893,0.908590668317813,1.44510832293119,13.8196640651139,11.8354371648065,25.6551012299204,24.9220028084242,-17.0622542011242
2023,NA,"MA203",NA,NA,"Unburned","ANNUALS",34.97,33.93,542.93,95,NA,21.7999992370605,683,3,0.546,0.117,1049,2964,0.908590668317813,1.10025714594607,14.8827151470458,9.01110602529832,23.8938211723441,24.4092371943711,-17.0830536399466
2023,NA,"MA204",NA,NA,"Unburned","PERENNIALS",29.73,28.33,453.33,90,"Point lying in a thicket",22.7916660308838,640,3,1.092,0.273,1537.5,4873.5,1.33170462587096,1.80907665343056,43.6266435435327,34.571454847058,78.1980983905907,24.7847418654564,-17.3977334811418
2023,NA,"MA205",NA,NA,"Unburned","ANNUALS",26.17,25.07,401.07,95,NA,22.3666667938232,637,NA,0.234,0.078,1016.5,3373.5,0.880440814437614,1.25226635689915,6.18069451735205,6.83737430866934,13.0180688260214,24.4809539291217,-17.451824782936
2023,NA,"MA206",NA,NA,"Unburned","ANNUALS",24.5,23.73,379.73,90,NA,21.9249992370605,703,4,0.429,0.156,1073,3501,0.929378252721653,1.29959523210432,11.9610981125277,14.1915799345791,26.1526780471068,24.7518411797065,-16.9174541785334
2023,NA,"MA207",NA,NA,"Early","PERENNIALS",29.57,28.63,458.13,95,NA,21.8833332061768,708,3,0.936,0.234,1244.5,3409.5,1.07792286627409,1.2656298040159,30.2680740849764,20.7310161897804,50.9990902747569,24.7388129012811,-16.8877701390833
2023,NA,"MA208",NA,NA,"Unburned","MIXTURE",27.5,26.2,419.2,90,NA,21.5666656494141,742,5,0.351,0.156,2002,4954,1.73403099902027,1.83895880601108,18.2593464196834,20.081430161641,38.3407765813244,24.7583851293199,-16.4900283223655
2023,NA,"MA210",NA,NA,"Early","ANNUALS",35.3,34.03,544.53,95,NA,21.8500003814697,689,1,0.429,0.117,1141.5,3327,0.988709483207611,1.23500523770667,12.724691048882,10.1146928968176,22.8393839456996,24.3686879840449,-17.0028728059405
2023,NA,"MA211",NA,NA,"Unburned","PERENNIALS",0,0,0,100,NA,21.841667175293,721,1,0.507,0.273,2088,3731.5,1.80851984313403,1.38515841433798,27.5075868140686,26.4703772979987,53.9779641120673,25.0243535518377,-16.6799325619386
2023,NA,"MA212",NA,NA,"Unburned","PERENNIALS",57,54.43,870.93,90,NA,23.6833324432373,661,3,1.404,0.78,1667.5,3345,1.44430404139176,1.24168696126505,60.8340862234208,67.7961080850717,128.630194308493,25.1046467006996,-17.4215663226228
2023,NA,"MA213",NA,NA,NA,"ANNUALS",29.93,28.37,453.87,95,NA,21.8833332061768,710,3,0.312,0.156,1806.5,4155,1.56469880106399,1.54236452139201,14.645580777959,16.8426205736008,31.4882013515598,24.8768223523697,-16.831896917743
2023,NA,"MA214",NA,NA,NA,"MIXTURE",33.23,32.1,513.6,100,NA,21.8500003814697,682,6,0.429,0.195,1070,2506,0.926779804671173,0.930244402071813,11.927656086118,12.6978360882802,24.6254921743982,24.4247391538249,-17.1014684936159
2023,NA,"MA215",NA,NA,"Unburned","ANNUALS",9.47,9.23,147.73,90,NA,22.7916660308838,664,2,0.39,0.156,2074.5,4383,1.79682682690687,1.62699968646479,21.0228738748104,17.7668365761955,38.7897104510058,24.9793722935326,-17.1468569886241
2023,NA,"MA216",NA,NA,"Early","MIXTURE",27.27,26.27,420.27,90,NA,21.8333339691162,721,NA,0.585,0.234,1578,4139,1.36678367455244,1.53642521156234,23.9870534883953,25.1666449653912,49.1536984537865,24.9312027910648,-16.7347857894587
2023,NA,"MA217",NA,NA,"Unburned","ANNUALS",35.73,34.23,547.73,95,NA,21.8166656494141,684,NA,0.39,0.117,1103,3173,0.955362733226452,1.17783938059611,11.1777439787495,9.64650452708217,20.8242485058317,24.3894562329055,-17.072684331531
2023,NA,"MA218",NA,NA,"Unburned","PERENNIALS",27.8,26.87,429.87,90,NA,23.6416664123535,663,7,0.897,0.663,1208,3731,1.04630841499325,1.3849728109058,28.1561594474683,64.2765881541382,92.4327476016065,25.0642832068903,-17.4326165127068
2023,NA,"MA219",NA,NA,"Early","PERENNIALS",23.27,22.23,355.73,90,NA,23.6916656494141,660,6,1.365,0.468,1869,3731,1.61883313544899,1.3849728109058,66.2912168966362,45.371709285274,111.66292618191,25.1418495793278,-17.4245549917499
2023,NA,"MA220",NA,NA,"Early","ANNUALS",0,0,0,80,NA,21.8833332061768,709,3,0.234,0.078,971.5,3530.5,0.841464093680415,1.31054583460277,5.90707793763652,7.15558025693111,13.0626581945676,24.4396599676751,-16.8234346422692
2023,NA,"MA221",NA,NA,"Early","PERENNIALS",33.97,32.53,520.53,95,NA,22.5499992370605,663,7,0.741,0.624,1327,2724.5,1.14938018766229,1.01135310193322,25.5507215717326,44.1759034924431,69.7266250641757,24.8453880802915,-17.1727646501541
2023,NA,"MA224",NA,NA,"Early","MIXTURE",38.03,36.6,585.6,90,NA,21.9249992370605,655,1,0.507,0.273,1701,5297,1.47332004462212,1.96628276048459,22.4091978787024,37.5756635528606,59.984861431563,24.4267865454957,-17.3935998879868
2023,NA,"MA226",NA,NA,"Unburned","PERENNIALS",44.03,41.7,667.2,85,"Hypherhenia grass ",23.4833335876465,662,5,1.89,0.83,935.5,2731.5,0.810282717074656,1.0139515499837,45.943030058133,58.9105850540531,104.853615112186,24.9970289035812,-17.4029503815462
2023,NA,"MA227",NA,NA,"Early","ANNUALS",0,0,0,90,NA,21.875,680,2,0.39,0.078,991.5,3561.5,0.858787080683615,1.32205324739775,10.0478088439983,7.21841073079171,17.26621957479,24.4046116358358,-17.1474809980054
2023,NA,"MA229",NA,NA,"Early","ANNUALS",33.23,31.77,508.27,90,NA,22.591667175293,682,6,0.429,0.156,1414.5,3575.5,1.22516825580128,1.32725014349871,15.7679154521625,14.4935715670059,30.2614870191684,25.0798735908879,-17.0408869544774
2023,NA,"MA230",NA,NA,NA,"ANNUALS",22.73,22.03,352.53,95,NA,23.2000007629395,638,NA,0.234,0.078,1399,3391.5,1.2117429408738,1.25894808045752,8.50643544493411,6.87385651929808,15.3802919642322,24.9217731458102,-17.3845816521629
2023,NA,"MA231",NA,NA,"Early","MIXTURE",32.9,31.47,503.47,85,NA,21.841667175293,711,NA,0.663,0.468,1254,2569,1.08615128510061,0.953630434526132,21.6035490606511,31.2409330350761,52.8444820957272,24.5353575347512,-16.8014724361981
2023,NA,"MA234",NA,NA,NA,"ANNUALS",27.4,26.67,426.67,95,NA,21.7083339691162,664,7,0.39,0.156,1198.5,3107,1.03807999616673,1.15333972754873,12.1455359551507,12.5944698248322,24.7400057799829,24.3520691330126,-17.2869293410009
2023,NA,"MA235",NA,NA,NA,"ANNUALS",60.77,58.83,941.33,100,NA,22.2666664123535,674,4,0.273,0.117,1206,2387,1.04457611629293,0.886070785213654,8.55507839243909,7.25691973089983,15.8119981233389,24.7037556999479,-17.1004981999364
2023,NA,"MA236",NA,NA,"Late","BARE",0,0,0,95,"Bare ground - no biomass collected",21.9750003814697,723,2,0.273,0.078,1200.5,3235,1.03981229486705,1.20085420618608,8.51606269496114,6.55666396577599,15.0727266607371,24.9785837877357,-16.6973802032375
2023,NA,"MA238",NA,NA,"Early","PERENNIALS",32.67,30.5,488,80,NA,24.0583343505859,641,6,1.131,0.819,945,3486,0.818511135901176,1.294027129139,27.7720828411269,74.186575313539,101.958658154666,25.140632870048,-17.5933567158039
2023,NA,"MA239",NA,NA,"Unburned","PERENNIALS",32.37,31.33,501.33,90,NA,22.0249996185303,653,5,0.858,0.351,1714,4993.5,1.4845799861742,1.85362147715307,38.2130888441238,45.543479693651,83.7565685377748,24.5217001814702,-17.3735578406545
2023,NA,"MA240",NA,NA,"Early","ANNUALS",0,0,0,95,NA,22.0249996185303,671,9,0.351,0.117,1232.5,3105.5,1.06752907407217,1.1527829172522,11.2410811499799,9.44129209229552,20.6823732422755,24.5775291701282,-17.1702595110733
2023,NA,"MA241",NA,NA,"Early","MIXTURE",0,0,0,90,NA,21.8583335876465,681,3,0.546,0.273,925.5,3649,0.801621223573057,1.35453384802875,13.1305556421267,25.8851418358294,39.0156974779561,24.2502133266362,-17.0894292106133
2023,NA,"MA242",NA,NA,"Unburned","ANNUALS",24.07,23.33,373.33,90,NA,21.7250003814697,675,8,0.624,0.195,1010,3604,0.874810843661574,1.33782953913281,16.3764589933447,18.2613732091628,34.6378322025075,24.2893108534898,-17.1672616805039
2023,NA,"MA245",NA,NA,"Early","ANNUALS",37.27,35.2,563.2,90,NA,22.0416660308838,684,NA,0.39,0.234,1258.5,3695.5,1.09004895717633,1.37179496722122,12.753572798963,22.4700015630836,35.2235743620467,24.0815093362127,-16.9672984005994
2023,NA,"MA246",NA,NA,"Unburned","ANNUALS",24.7,23.5,376,100,NA,22.2749996185303,654,4,0.39,0.078,899.5,3100,0.779101340468897,1.15074127949825,9.1154856834861,6.28304738606046,15.3985330695466,24.6241865371451,-17.3523117567518
2023,NA,"MA247",NA,NA,"Early","ANNUALS",31.57,29.9,478.4,95,NA,22.5,653,4,0.429,0.195,1310,3541.5,1.13465564870957,1.31462911011066,14.6030181988921,17.9446873530106,32.5477055519027,24.7161661416281,-17.3097166440635
2023,NA,"MA248",NA,NA,NA,"PERENNIALS",0,0,0,80,"No trees",22.5416660308838,654,5,0.975,0.429,2044,2084.5,1.77040927172699,0.773780708746486,51.7844711980144,23.236634683657,75.0211058816714,24.7773902002038,-17.2799978910789
2023,NA,"MA250",NA,NA,"Unburned","ANNUALS",50.37,47.8,764.8,100,NA,22.4333324432373,658,7,0.39,0.195,1426,2497,1.23512897332812,0.926903540292624,14.451008987939,12.6522333249943,27.1032423129334,24.7565736833178,-17.2443727271387
2023,NA,"MA251",NA,NA,"Unburned","MIXTURE",44.6,42.23,675.73,90,NA,21.8999996185303,703,1,0.585,0.39,1109,3364,0.960559629327412,1.24873989168778,16.8578214946961,34.0905990430764,50.9484205377725,24.7521629290667,-16.9006909623597
2023,NA,"MA252",NA,NA,"Unburned","ANNUALS",23.53,22.9,366.4,90,NA,22.0750007629395,643,NA,0.39,0.117,746.5,3333,0.646580489894421,1.2372324788928,7.56499173176473,10.132934002132,17.6979257338967,24.3539824123165,-17.457410285966
2023,NA,"MA253",NA,NA,"Unburned","MIXTURE",33.53,31.4,502.4,90,NA,22.1833343505859,679,5,0.585,0.156,1152.5,3521,0.998237126059371,1.3070193693914,17.519061562342,14.2726515137541,31.7917130760961,24.7002206181432,-17.0736559645492
2023,NA,"MA254",NA,NA,"Unburned","ANNUALS",40,38.17,610.67,95,NA,21.9333324432373,696,NA,0.39,0.039,1393.5,2902.5,1.20697911944792,1.07742792378828,14.1216556975407,2.94137823194201,17.0630339294827,24.6812528524551,-16.9770179562658
2023,NA,"MA255",NA,NA,"Late","MIXTURE",0,0,0,90,NA,21.9166660308838,690,3,0.702,0.117,770.5,3580,0.667368074298261,1.3289205743883,14.0547716447214,10.8838595042402,24.9386311489616,24.650488834422,-17.0189590910213
2023,NA,"MA256",NA,NA,"Early","BARE",0,0,0,90,NA,21.8999996185303,694,2,0.273,0.117,908.5,3708.5,0.786896684620337,1.37662065645783,6.44468384704056,11.2745231763896,17.7192070234302,24.2933032058227,-16.9019451873467
2023,NA,"MA257",NA,NA,"Unburned","MIXTURE",37.4,35.73,571.73,80,NA,21.9249992370605,697,5,0.975,0.351,1114.5,1746.5,0.965323450753292,0.648312788594741,28.2357109345338,15.9290452157728,44.1647561503066,24.574428729455,-16.9723691814341
2023,NA,"MA258",NA,NA,"Late","MIXTURE",0,0,0,75,NA,22.6166667938232,646,NA,0.663,0.351,1596,990,1.38237436285532,0.367494795710732,27.4954260771923,9.02934713061269,36.524773207805,24.7499781274156,-17.3642458622801
2023,NA,"MA259",NA,NA,"Unburned","ANNUALS",24.57,23.97,383.47,80,NA,21.9583339691162,698,4,0.351,0.234,1623.5,2766,1.40619346998472,1.02675818680392,14.8072172389391,16.8182990998483,31.6255163387874,24.6352618140505,-16.9660381452531
2023,NA,"MA260",NA,NA,"Early","ANNUALS",26.93,26,416,90,NA,22.3916664123535,683,4,0.234,0.078,1751,3953,1.51662751213012,1.46738073479245,10.6467251351534,8.01189881196677,18.6586239471202,24.9856054534924,-17.0165557674454
2023,NA,"MA262",NA,NA,"Early","ANNUALS",32.93,32.03,512.53,90,NA,21.9583339691162,704,1,0.39,0.117,1217.5,3798.5,1.05453683381977,1.41002927424971,12.3380809556913,11.5481397561051,23.8862207117964,24.1179420320775,-16.8484302701633
2023,NA,"MA264",NA,NA,"Unburned","ANNUALS",28.13,27.1,433.6,90,NA,22.033332824707,692,3,0.429,0.078,1386,3763,1.20048299932172,1.39685143056514,15.4502162012706,7.62680881088564,23.0770250121562,24.5100367094935,-16.9296731173337
2023,NA,"MA265",NA,NA,NA,"ANNUALS",25.27,23.93,382.93,100,NA,23.1499996185303,632,NA,0.39,0.078,934,2466.5,0.808983493049416,0.915581730929819,9.46510686867817,4.99907625087681,14.464183119555,24.866889761198,-17.4502761622746
2023,NA,"MA266",NA,NA,"Early","PERENNIALS",27.5,25.87,413.87,90,NA,23.0666675567627,695,3,1.56,0.585,1176,3234.5,1.01859163578813,1.2006686027539,47.6700885548845,49.1673792827723,96.8374678376568,25.1530453802656,-17.111726532586
2023,NA,"MA268",NA,NA,"Late","MIXTURE",39.67,37.97,607.47,90,NA,21.8500003814697,721,3,0.468,0.195,1644.5,3694,1.42438260633808,1.37123815692469,19.9983317929866,18.717400842022,38.7157326350087,24.9349512672378,-16.7430721414761
2023,NA,"MA272",NA,NA,"Early","ANNUALS",33.9,32.5,520,90,NA,22.466667175293,656,6,0.546,0.156,1044.5,3076,0.904692996242094,1.14183231475375,14.8188712784455,12.4688088771109,27.2876801555564,24.7652934320148,-17.2608929689422
2023,NA,"MA274",NA,NA,"Unburned","ANNUALS",30.57,29.07,465.07,90,NA,23.1416664123535,641,1,0.468,0.195,1165,2478.5,1.00906399293637,0.92003621330207,14.1672584608266,12.5584943115733,26.7257527723999,24.9020141002208,-17.3834534843359
2023,NA,"MA275",NA,NA,"Early","MIXTURE",21.5,17.5,280,90,NA,21.8999996185303,667,5,0.312,0.117,1004.5,3424,0.870047022235695,1.27101230354904,8.1436401281261,10.4095907660666,18.5532308941927,24.1455639537891,-17.2125156000125
2023,NA,"MA277",NA,NA,"Unburned","PERENNIALS",35,33.07,529.07,90,NA,23.2083339691162,663,1,0.897,0.546,994,4568.5,0.860952454059015,1.6958585598025,23.1682305387281,64.8157141556517,87.9839446943798,25.0721138197207,-17.2266489026189
2023,NA,"MA279",NA,NA,"Early","MIXTURE",12.37,12.03,192.53,95,NA,22.5499992370605,684,2,0.468,0.312,1388.5,2688.5,1.20264837269712,0.997989654816468,16.8851831526676,21.7960940611917,38.6812772138593,25.0340797931359,-17.0046700271526
2023,NA,"MA280",NA,NA,"Unburned","MIXTURE",23.17,22.2,355.2,90,NA,21.8083343505859,682,3,1.053,0.273,1198,3322,1.03764692149165,1.2331492033849,32.7792662499212,23.5654812766855,56.3447475266067,24.5078140282834,-17.0294904702223
2023,NA,"MA282",NA,NA,NA,"ANNUALS",26.73,26.17,418.67,95,NA,21.8583335876465,693,4,0.273,0.039,1362,3202.5,1.17969541491789,1.18878998309457,9.66170544817748,3.24539665384816,12.9071021020256,24.3354237795157,-16.9805297839651
2023,NA,"MA283",NA,NA,"Early","ANNUALS",39.97,38.47,615.47,95,NA,22.2333335876465,672,3,0.195,0.039,1415.5,3293,1.22603440515144,1.22238420431863,7.17230127013595,3.33710887778985,10.5094101479258,24.7036787467245,-17.1306508309989
2023,NA,"MA284",NA,NA,"Early","ANNUALS",33.73,32.67,522.67,90,NA,21.9833335876465,681,3,0.273,0.117,1092.5,3792,0.946268165049772,1.40761642963141,7.74993627175764,11.5283785586812,19.2783148304389,24.104255765723,-17.0245654821456
2023,NA,"MA285",NA,NA,"Unburned","ANNUALS",28.03,27.23,435.73,95,NA,21.8916664123535,679,3,0.273,0.117,1196,3212.5,1.03591462279133,1.19250205173811,8.48414076066099,9.7665918037351,18.2507325643961,24.2894327120932,-17.0983837533732
2023,NA,"MA288",NA,NA,"Early","ANNUALS",13.63,13.3,212.8,90,NA,22.4500007629395,676,3,0.78,0.312,1146,3158,0.992607155283331,1.1722712776308,23.2270074336299,25.6024047034567,48.8294121370866,24.9486963265458,-17.0690939941396
2023,NA,"MA289",NA,NA,"Unburned","ANNUALS",29.5,28.4,454.4,90,NA,21.8833332061768,701,1,0.273,0.117,1250.5,2940,1.08311976237505,1.09134818120157,8.87075085385165,8.93814160404084,17.8088924578925,24.3589595846959,-16.8984592396411
2023,NA,"MA292",NA,NA,"Unburned","ANNUALS",30.23,28.97,463.47,95,NA,21.875,715,3,0.273,0.078,1774.5,4080.5,1.53698202185888,1.51470960999762,12.5878827590242,8.270314470587,20.8581972296112,24.926902803007,-16.7839461416858
2023,NA,"MA293",NA,NA,"Unburned","PERENNIALS",38.6,37.03,592.53,95,NA,23.5,669,7,1.17,0.681,1481.5,3419.5,1.283200262262,1.26934187265944,45.0403292053963,60.5095270696756,105.549856275072,25.0545878093449,-17.4121845598471
2023,NA,"MA294",NA,NA,"Unburned","ANNUALS",32.2,30.83,493.33,80,NA,22.591667175293,662,8,0.585,0.195,1327,2724.5,1.14938018766229,1.01135310193322,20.1716222934731,13.8049698413885,33.9765921348616,24.8552635228767,-17.1859783804379
2023,NA,"MA298",NA,NA,NA,"ANNUALS",39.53,38.1,609.6,90,NA,21.8583335876465,715,NA,0.468,0.117,991,3546,0.858354006008535,1.31629954100026,12.0512902443598,10.7804932407921,22.8317834851519,24.8879327654078,-16.7949245934197
2023,NA,"MA299",NA,NA,"Early","PERENNIALS",31.3,30.03,480.53,85,NA,24.0249996185303,641,9,1.73,0.87,991.5,3486,0.858787080683615,1.294027129139,44.5710494874796,78.8062521645652,123.377301652045,25.1761089944693,-17.5768185698871
2023,NA,"MA302",NA,NA,NA,"MIXTURE",27.4,26.2,419.2,95,NA,21.8250007629395,693,NA,1.17,0.39,627,2817.5,0.543075642550304,1.04587534031817,19.0619550535157,28.552396790686,47.6143518442017,24.3423842548503,-16.9652401384723
2023,NA,"MA304",NA,NA,"Early","ANNUALS",50.2,48,768,100,NA,21.7749996185303,666,7,0.39,0.156,1388,2269,1.20221529802204,0.84226837521985,14.0659189868579,9.19757065740076,23.2634896442587,24.3087685826193,-17.2970276461108
2023,NA,"MA305",NA,NA,"Unburned","ANNUALS",34,32.1,513.6,90,NA,22.0166664123535,700,3,0.234,0.039,937,2976.5,0.811581941099896,1.1048972317505,5.69730522652127,3.01636944267886,8.71367466920013,24.2513821883351,-16.8578660252079
2023,NA,"MA309",NA,NA,"Late","MIXTURE",30.97,29.47,471.47,90,"Charcoal burning",22.7999992370605,640,1,0.624,0.156,1330.5,4081,1.15241171038785,1.5148952134298,21.5731472184605,16.5426557306534,38.1158029491138,24.81001362063,-17.3855549965844
2023,NA,"MA310",NA,NA,"Late","PERENNIALS",0,0,0,90,"Heavily burnt, No trees (hardpan at 52cm) Reduced weight",23.2916660308838,682,8,0.78,0.312,1366.5,1587,1.18359308699361,0.589105293730234,27.6960782356504,12.8660596150683,40.5621378507187,25.1593449819301,-17.233483307065
