"No.","station_id","C_conc_0.30cm","C_conc_30.100cm","Bulk_density_0.30cm","Bulk_density_30.100cm","C_stock.tons.ha._0.30cm","C_stock.tons.ha._30.100cm","Texture_0.30cm_.Sand","Texture_0.30cm_.Clay","Texture_0.30cm_.Silt","Textural.class_0.30cm","Texture_30.100cm_.Sand","Texture_30.100cm_.Clay","Texture_30.100cm_.Silt","Textural.class_30.100cm","Lon","Lat","MAT","MAP","Fire_frequency"
1,"id_446",3.56,0.36,1,1.79,108.76,19.34,73.2,6.4,20.4,"SANDY LOAM",74.8,4.4,20.8,"LOAMY SAND",24.9769505,-16.4150655,21.508333047231,743,1
2,"id_448",0.56,0.08,1.6,1.48,26.64,3.56,83.2,4.4,12.4,"LOAMY SAND",60.8,8.4,30.8,"SANDY LOAM",24.9993258,-16.5389696,21.6749998728434,733,3
3,"id_457",1.48,0.88,1.5,1.72,66.9,45.3,89.2,2.4,8.4,"SAND",72.8,2.4,24.8,"LOAMY SAND",24.9736375,-16.5355794,21.5833331743876,739,2
4,"id_459",0.24,1,1.5,1.36,10.59,40.85,77.2,4.4,18.4,"LOAMY SAND",70.8,2.4,26.8,"SANDY LOAM",24.9683339,-16.4894381,21.6416665712992,740,1
5,"id_462",0.48,0.68,1.6,1.89,23.65,38.6,95.2,0.4,4.4,"SAND",78.8,2.4,18.8,"LOAMY SAND",24.9375687,-16.6143309,21.4499999682109,737,4
6,"id_463",0.72,0.8,1.8,1.92,39.45,46.01,97.2,2.4,0.4,"SAND",78.8,2.4,18.8,"LOAMY SAND",24.9315972,-16.6166935,21.4916667938232,734,1
7,"id_467",0.48,0.16,1.6,1.63,23.16,7.85,90,5,5,"SAND",92,4,4,"SAND",24.961849,-16.4655244,21.6000000635783,741,0
8,"id_480",0.36,0.56,1.7,1.71,18.47,28.72,69.2,8.4,22.4,"SANDY LOAM",60.8,8.4,30.8,"SANDY LOAM",25.1542443,-16.7336594,22.0916670163472,713,0
9,"id_484",0.44,0.28,1.7,1.65,22.36,13.89,87.2,6.4,6.4,"LOAMY SAND",70.8,2.4,26.8,"SANDY LOAM",25.1192446,-16.742133,21.9416666030884,712,0
10,"id_486",0.44,0.16,1.7,1.9,22.48,9.11,95.2,4.4,0.4,"SAND",76.8,2.4,20.8,"LOAMY SAND",25.0727284,-16.7366327,21.9666666984558,719,6
11,"id_493",0.52,0.12,1.5,1.75,23.31,6.31,87.2,8.4,4.4,"LOAMY SAND",74.8,0.4,24.8,"LOAMY SAND",25.0524739,-16.7723278,22.1833333969116,701,0
12,"id_496",2.2,1.92,1.2,1.43,76.57,82.47,67.2,16.4,16.4,"SANDY LOAM",48.8,14.4,36.8,"LOAM",25.0519544,-16.7585998,22.1666668256124,702,0
13,"id_508",0.6,0.44,1.6,1.7,29.29,22.44,89.2,0.4,10.4,"SAND",74.8,0.4,24.8,"LOAMY SAND",25.1257767,-16.7298655,21.8999999364217,718,2
14,"id_475",0.44,0.24,1.6,1.61,21.77,11.57,89.2,2.4,8.4,"SAND",74.8,4.4,20.8,"LOAMY SAND",25.0695443,-16.8087698,22.1500002543132,705,1
15,"id_479",0.4,0.32,1.6,1.56,19.58,14.93,95.2,4.4,0.4,"SAND",74.8,6.4,18.8,"SANDY LOAM",25.0551511,-16.832157,22.1916667620341,703,7
16,"id_522",0.52,0.16,1.6,1.59,24.41,7.63,88.4,2,9.6,"SAND",81.6,2,16.4,"LOAMY SAND",25.1044554,-16.8611127,22.2583332061768,698,0
17,"id_288",0.56,0.48,1.6,1.57,26.69,22.61,88.4,2,9.6,"SAND",79.6,4,16.4,"LOAMY SAND",25.1043432,-16.9664026,22.3666667938232,689,6
18,"id_294",0.76,0.56,1.5,1.34,34.43,22.45,84.4,8,7.6,"LOAMY SAND",71.6,10,18.4,"SANDY LOAM",25.09607,-16.967339,22.3750001589457,687,5
19,"id_328",0.48,0.48,1.5,1.57,21.76,22.59,88.4,4,7.6,"SAND",81.6,2,16.4,"LOAMY SAND",25.1165798,-16.9591026,22.3583334287008,691,6
20,"id_332",0.68,0.52,1.3,1.47,26.91,22.9,88.4,0,11.6,"SAND",69.6,6,24.4,"SANDY LOAM",25.0860127,-16.905337,22.266666730245,695,5
21,"id_473",3.28,1.24,1.2,1.5,117.34,55.85,54.4,28,17.6,"SANDY CLAY LOAM",35.6,36,28.4,"CLAY LOAM",25.1442262,-16.9334782,22.3333333333333,691,0
22,"id_483",3.44,1.84,1.1,1.3,109.3,71.84,34.4,42,23.6,"CLAY",23.6,44,32.4,"CLAY",25.1518603,-16.9476882,22.3916665712992,690,0
23,"id_501",0.56,0.48,1.6,1.17,26.09,16.89,44.4,10,45.6,"LOAM",57.6,12,30.4,"SANDY LOAM",25.1449412,-16.9310766,22.3249999682109,690,0
24,"id_519",0.76,0.4,1.4,1.45,33.03,17.45,90.4,4,5.6,"SAND",69.6,4,26.4,"SANDY LOAM",25.0815629,-16.8867051,22.2583333651225,699,9
25,"id_527",0.32,0.4,1.7,1.71,16.05,20.53,92.4,4,3.6,"SAND",83.6,2,14.4,"LOAMY SAND",25.0869017,-16.8641524,22.3083332379659,699,4
26,"id_336",1.92,1.32,1.2,1.89,66.83,74.96,24.4,46,29.6,"CLAY",15.6,46,38.4,"CLAY",25.1172785,-16.8524791,22.2083331743876,698,0
27,"id_472",0.2,0.28,1.6,1.53,9.46,12.85,92.4,2,5.6,"SAND",81.6,2,16.4,"LOAMY SAND",25.189854,-16.7980481,22.2083333333333,710,2
28,"id_474",0.44,0.8,1.6,1.8,20.71,43.28,84.4,10,5.6,"LOAMY SAND",73.6,10,16.4,"SANDY LOAM",25.2062609,-16.9200755,22.3249999682109,696,4
29,"id_478",0.32,0.48,1.6,1.72,15.43,24.7,92.4,2,5.6,"SAND",83.6,2,14.4,"LOAMY SAND",25.1666465,-16.7600683,22.0833336512248,710,2
30,"id_485",0.24,0.4,1.8,1.76,12.71,21.07,80.4,6,13.6,"LOAMY SAND",69.6,8,22.4,"SANDY LOAM",25.1336292,-16.815316,22.1500000953674,706,1
31,"id_488",0.32,0.32,1.6,1.07,15.18,10.3,90.4,4,5.6,"SAND",81.6,4,14.4,"LOAMY SAND",25.2002857,-16.9285105,22.3166666030884,697,0
32,"id_492",2.28,1.68,1.3,1.98,89.63,99.72,28.4,56,15.6,"CLAY",23.6,54,22.4,"CLAY",25.1625317,-16.9204345,22.2999998728434,693,0
33,"id_498",0.24,0.36,1.4,1.86,10.38,20.14,90.8,4,5.2,"SAND",79.2,4,16.8,"LOAMY SAND",25.1904002,-16.9118793,22.2583333651225,697,2
34,"id_511",0.44,0.04,1.8,1.68,24.01,2.02,88.8,6,5.2,"SAND",77.2,4,18.8,"LOAMY SAND",25.1435476,-16.8909094,22.2249999046326,695,0
35,"id_523",0.88,0.44,1.5,1.67,39.85,22.08,90.8,2,7.2,"SAND",81.2,4,14.8,"LOAMY SAND",25.1501648,-16.8775116,22.149999777476,700,5
36,"id_524",1.4,1.4,1.3,1.33,53.83,55.76,44.8,30,25.2,"CLAY LOAM",31.2,36,32.8,"CLAY LOAM",25.1507439,-16.7950389,22.1666668256124,715,0
37,"id_115",0.36,0.28,1.5,1.74,16.34,14.58,92.8,2,5.2,"SAND",83.2,2,14.8,"LOAMY SAND",24.4454076,-16.5319749,21.7666668891907,734,1
38,"id_139",0.96,0.2,1.6,1.81,45.61,10.87,90.8,4,5.2,"SAND",87.2,0,12.8,"SAND",24.5575603,-16.4608937,21.8750001589457,726,2
39,"id_445",0.4,0.12,1.9,1.91,22.27,6.86,90.8,4,5.2,"SAND",83.2,2,14.8,"LOAMY SAND",24.8103219,-16.4804304,21.5,744,0
40,"id_454",0.48,0.4,1.9,2.01,27.79,24.08,90.8,2,7.2,"SAND",81.2,4,14.8,"LOAMY SAND",24.8615153,-16.485102,21.4250000317891,745,0
41,"id_464",0.72,0.08,1.9,1.98,40.55,4.76,88.8,4,7.2,"SAND",81.2,4,14.8,"LOAMY SAND",24.8438132,-16.4626635,21.4583334922791,745,5
42,"id_531",0.08,0.04,1.2,1.78,2.93,2.13,92.8,2,5.2,"SAND",83.2,2,14.8,"LOAMY SAND",24.9360468,-17.3613157,23.2416667938232,641,0
43,"id_533",0.08,0.16,1.5,1.78,3.69,8.54,92.8,4,3.2,"SAND",83.2,4,12.8,"LOAMY SAND",24.5647538,-16.6294302,21.7416667938232,725,5
44,"id_534",0.28,0.08,1.6,1.93,13.63,4.64,94.8,4,1.2,"SAND",83.2,4,12.8,"LOAMY SAND",24.5760528,-16.5714957,21.7500001589457,730,6
45,"id_536",0.32,0.16,1.8,1.96,16.85,9.42,92.8,2,5.2,"SAND",81.2,6,12.8,"LOAMY SAND",24.6712018,-16.4151207,21.508333047231,748,4
46,"id_537",0.16,0.16,1.4,1.78,6.77,8.56,92.2,6.8,1,"SAND",85.8,8.8,5.4,"LOAMY SAND",24.6534773,-16.5393648,21.7166666984558,733,2
47,"id_539",0.2,0.12,1.6,1.98,9.75,7.12,88.2,8.8,3,"LOAMY SAND",85.8,6.8,7.4,"LOAMY SAND",24.6184749,-16.5379137,21.6499999364217,738,1
48,"id_540",0.28,0.36,1.7,1.95,14.57,21.02,86.2,10.8,3,"LOAMY SAND",81.8,8.8,9.4,"LOAMY SAND",24.7586186,-16.525928,21.6583333015442,735,2
49,"id_545",1.04,0.32,1.7,1.95,54.2,18.69,84.2,6.8,9,"LOAMY SAND",79.8,8.8,11.4,"LOAMY SAND",24.7371614,-16.4952846,21.5916663805644,743,4
50,"id_547",0.32,0.04,1.6,1.81,15.82,2.17,90.2,6.8,3,"SAND",85.8,6.8,7.4,"LOAMY SAND",24.6018936,-16.6200259,21.7500001589457,726,0
51,"id_550",0.4,0.32,1.8,1.44,21.13,13.86,84.2,8.8,7,"LOAMY SAND",81.8,8.8,9.4,"LOAMY SAND",24.5808295,-16.5473656,21.7416667938232,734,5
52,"id_552",0.36,0.12,1.9,2,20.92,7.2,92.2,6.8,1,"SAND",85.8,8.8,5.4,"LOAMY SAND",24.7575613,-16.4613463,21.5833331743876,743,4
53,"id_554",0.2,0.16,1.5,1.71,8.81,8.21,90.2,6.8,3,"SAND",89.8,6.8,3.4,"SAND",24.5775249,-16.5585789,21.7416667938232,730,6
54,"id_556",0.36,0.16,1.4,1.7,15.59,8.17,96.2,2.8,1,"SAND",89.8,4.8,5.4,"SAND",24.5765098,-16.5091658,21.9250001907349,725,0
55,"id_559",2.56,0.12,1.6,1.9,121.75,6.85,88.2,6.8,5,"LOAMY SAND",85.8,6.8,7.4,"LOAMY SAND",24.7683528,-16.5257593,21.5999997456868,736,3
56,"id_561",7.2,0.52,1.1,1.89,228.19,29.48,88.2,8.8,3,"LOAMY SAND",89.8,6.8,3.4,"SAND",24.7350389,-16.4820372,21.7000001271566,735,0
57,"id_562",1.2,0.28,1.4,2.1,50.81,17.67,92.2,6.8,1,"SAND",87.8,8.8,3.4,"LOAMY SAND",24.7029754,-16.4958,21.7416667938232,731,1
58,"id_564",0.76,0.32,1.9,1.93,43.93,18.57,90.2,8.8,1,"SAND",87.8,6.8,5.4,"LOAMY SAND",24.7776333,-16.467395,21.6166664759318,742,0
59,"id_565",0.92,0.16,1.6,1.58,43.15,7.57,86.2,12.8,1,"LOAMY SAND",89.8,8.8,1.4,"SAND",24.7746333,-16.437905,21.6249998410543,744,1
60,"id_566",0.44,0.36,1.7,1.7,21.95,18.31,92.2,6.8,1,"SAND",87.8,10.8,1.4,"LOAMY SAND",24.5509852,-16.6137512,21.7333334287008,726,5
61,"id_567",0.44,0.28,1.5,1.74,19.66,14.59,94.2,4.8,1,"SAND",91.8,6.8,1.4,"SAND",24.6103401,-16.517099,21.7500001589457,731,1
62,"id_568",0.32,0.24,1.6,1.99,15.38,14.35,91.2,0.8,8,"SAND",86.8,2.8,10.4,"SAND",24.5572617,-16.5385021,21.7583335240682,733,3
63,"id_571",0.16,0.12,1.3,1.79,6.4,6.44,91.2,2.8,6,"SAND",88.8,2.8,8.4,"SAND",24.6354007,-16.5553838,21.6999999682109,734,1
64,"id_577",0.36,1.52,1.2,1.78,13.22,81.21,91.2,4.8,4,"SAND",86.8,3.8,9.4,"LOAMY SAND",24.5613487,-16.5921832,21.8250001271566,724,0
65,"id_578",0.32,0.16,1.6,1.7,15.57,8.14,89.2,4.8,6,"SAND",86.8,4.8,8.4,"LOAMY SAND",24.5630933,-16.4541733,21.8750001589457,727,2
66,"id_580",0.36,0.04,1.9,1.91,20.72,2.29,89.2,2.8,8,"SAND",88.8,2.8,8.4,"SAND",24.8464483,-16.488915,21.475000222524,744,1
67,"id_581",0.28,0.28,1.7,1.72,14.42,14.43,91.2,2.8,6,"SAND",86.8,2.8,10.4,"SAND",24.537172,-16.5990911,21.8249999682109,725,4
68,"id_583",0.32,0.2,1.8,1.91,16.99,11.49,89.2,4.8,6,"SAND",86.8,2.8,10.4,"SAND",24.7842567,-16.4490833,21.5416663487752,746,5
69,"id_584",0.28,0.28,1.5,1.74,12.95,14.57,91.2,2.8,6,"SAND",88.8,2.8,8.4,"SAND",24.6855368,-16.5118876,21.7666668891907,729,2
70,"id_587",0.04,0.32,1.6,1.77,1.98,16.96,93.2,2.8,4,"SAND",88.8,1.8,9.4,"SAND",24.5430583,-16.6289983,21.7500001589457,724,2
71,"id_595",0.48,1.76,1.4,1.82,19.91,96.23,85.2,2.8,12,"LOAMY SAND",88.8,1.8,9.4,"SAND",24.5169376,-16.5097256,21.9333333969116,725,1
72,"id_605",0.36,0.24,1.5,1.87,16.17,13.49,89.2,2.8,8,"SAND",86.8,4.8,8.4,"LOAMY SAND",24.5103252,-16.5171062,21.9333333969116,722,1
73,"id_616",0.84,0.56,1.6,1.83,39.27,30.8,89.2,5.2,5.6,"SAND",82.8,5.2,12,"LOAMY SAND",24.6239326,-16.6302037,21.9083331425985,719,0
74,"id_619",0.32,0.12,1.6,1.74,14.99,6.26,93.2,3.2,3.6,"SAND",80.8,5.2,14,"LOAMY SAND",24.5247307,-16.5885677,21.9250000317891,719,2
75,"id_625",0.32,0.16,1.8,1.79,16.95,8.59,93.2,3.2,3.6,"SAND",82.8,1.2,16,"LOAMY SAND",24.6225596,-16.6131466,21.9249998728434,720,0
76,"id_626",0.56,0.12,1.6,1.56,26.15,5.63,93.2,3.2,3.6,"SAND",82.8,3.2,14,"LOAMY SAND",24.5446817,-16.5166067,21.7916666666667,733,1
77,"id_631",0.28,0.28,1.6,1.74,13.81,14.64,95.2,1.2,3.6,"SAND",86.8,1.2,12,"SAND",24.5424163,-16.4897259,22.0249999364217,720,3
78,"id_635",0.2,0.04,1.8,1.6,10.76,1.92,95.2,1.2,3.6,"SAND",82.8,1.2,16,"LOAMY SAND",24.6091928,-16.6309544,21.8583334287008,720,1
79,"id_643",0.28,0.32,1.7,1.74,13.96,16.7,95.2,1.2,3.6,"SAND",84.8,1.2,14,"LOAMY SAND",24.5220795,-16.482951,21.7833334604899,732,0
80,"id_269",0.48,0.28,1.8,1.74,26.06,14.61,87.2,3.2,9.6,"SAND",76.8,3.2,20,"LOAMY SAND",24.9118981,-17.0032212,22.2833329836528,683,0
81,"id_296",0.24,0.12,1.8,1.78,12.99,6.4,95.2,1.2,3.6,"SAND",82.8,1.2,16,"LOAMY SAND",24.9176008,-16.9662894,22.1916666030884,686,1
82,"id_319",0.24,0.12,1.9,1.96,13.63,7.04,93.2,1.2,5.6,"SAND",80.8,1.2,18,"LOAMY SAND",24.9063289,-16.9853378,22.233333269755,687,0
83,"id_323",0.4,0.4,1.8,1.7,21.47,20.41,91.2,2.2,6.6,"SAND",80.8,3.2,16,"LOAMY SAND",24.9596146,-16.9613454,22.3249999682109,689,1
84,"id_331",0.84,0.52,1.5,1.61,38.62,25.06,91.2,3.2,5.6,"SAND",80.8,5.2,14,"LOAMY SAND",24.9862823,-17.0041779,22.3749998410543,684,3
85,"id_469",0.48,0.32,1.7,1.74,24.86,16.69,93.2,3.2,3.6,"SAND",82.8,3.2,14,"LOAMY SAND",24.9804449,-16.9389401,22.2999998728434,692,6
86,"id_499",0.48,0.24,1.6,1.54,22.47,11.1,86.8,10.8,2.4,"LOAMY SAND",82.8,16.8,0.4,"SANDY LOAM",25.0197673,-16.8961841,22.2833331425985,696,1
87,"id_503",0.6,0.36,1.7,1.78,30.35,19.23,91.2,3.2,5.6,"SAND",80.8,3.2,16,"LOAMY SAND",24.9884666,-16.9305135,22.2999998728434,694,8
88,"id_512",0.56,0.28,1.6,1.75,26.73,14.7,90.4,8,1.6,"SAND",69.6,12,18.4,"SANDY LOAM",25.0289847,-16.90159,22.2999998728434,697,1
89,"id_517",0.36,0.16,1.9,1.59,20.04,7.64,96.4,2,1.6,"SAND",75.6,4,20.4,"LOAMY SAND",24.9458621,-16.9659047,22.2916665077209,685,3
90,"id_518",0.64,0.36,1.9,1.64,35.7,17.69,88.4,6,5.6,"SAND",69.6,6,24.4,"SANDY LOAM",25.0093078,-16.9095312,22.2999998728434,695,1
91,"id_520",0.44,0.72,1.9,1.61,24.48,34.85,90.4,8,1.6,"SAND",63.6,16,20.4,"SANDY LOAM",25.0182024,-16.9049057,22.2999998728434,696,1
92,"id_287",0.44,0.28,1.7,2.15,22.18,18.08,94.4,5,0.6,"SAND",73.6,6,20.4,"SANDY LOAM",24.8861693,-17.0171442,22.2999997138977,679,0
93,"id_470",2.2,0.56,1,1.72,69.28,28.94,84.4,8,7.6,"LOAMY SAND",71.6,8,20.4,"SANDY LOAM",24.9071856,-16.8081069,21.9083333015442,709,4
94,"id_487",0.64,0.12,1.5,1.81,27.97,6.52,94.4,4,1.6,"SAND",75.6,2,22.4,"LOAMY SAND",24.9020509,-16.867186,22.016666730245,701,7
95,"id_489",1.64,0.4,1.7,1.71,84.59,20.47,90.4,8,1.6,"SAND",73.6,7,19.4,"SANDY LOAM",24.884929,-16.8513587,21.9833334287008,702,1
96,"id_497",0.88,0.24,1.6,1.92,42.45,13.8,90.4,8,1.6,"SAND",73.6,6,20.4,"SANDY LOAM",24.9024168,-16.8716372,22.016666730245,701,6
97,"id_502",0.08,0.28,1.6,1.79,3.76,15.06,94.4,4,1.6,"SAND",73.6,8,18.4,"SANDY LOAM",24.8891516,-16.8948474,22.1166667938232,696,5
98,"id_514",0.32,0.24,1.8,1.95,17.14,14.06,96.4,2,1.6,"SAND",73.6,5,21.4,"SANDY LOAM",24.9041201,-16.8992831,22.0500001907349,700,7
99,"id_449",1.36,0.92,1.2,1.81,47.89,49.95,84.4,8,7.6,"LOAMY SAND",69.6,6,24.4,"SANDY LOAM",24.9902888,-16.3786844,21.4083333015442,747,2
100,"id_456",1.64,0.8,1,1.87,51.38,44.88,86.4,5,8.6,"LOAMY SAND",73.6,3,23.4,"LOAMY SAND",24.9790209,-16.4029912,21.4749999046326,744,0
101,"id_460",1.4,0.32,1.7,1.86,69.71,17.83,85.6,4.8,9.6,"LOAMY SAND",68.4,3.8,27.8,"SANDY LOAM",24.997514,-16.3414224,NA,NA,0
102,"id_461",3.4,0.36,1.4,1.88,142.46,20.26,89.6,3.8,6.6,"SAND",80.4,0.8,18.8,"LOAMY SAND",24.9931101,-16.3661445,21.4166666666667,748,0
103,"id_450",0.72,0.28,1.7,1.79,35.86,15.03,95.6,1.8,2.6,"SAND",78.4,4.8,16.8,"LOAMY SAND",24.9624265,-16.6199131,21.4583333333333,738,0
104,"id_471",1.48,0.84,0.9,1.47,42.09,36.92,31.6,58.8,9.6,"CLAY",8.4,64.8,26.8,"CLAY",25.0754136,-16.6774335,22.0583335558573,711,1
105,"id_513",0.48,0.36,1.9,1.81,26.79,19.6,93.6,3.8,2.6,"SAND",78.4,5.8,15.8,"LOAMY SAND",25.0143335,-16.6627694,21.8833332061768,722,3
106,"id_521",0.32,0.28,1.5,1.74,14.28,14.6,89.6,4.8,5.6,"SAND",78.4,6.8,14.8,"LOAMY SAND",24.9636343,-16.753606,21.9166665077209,716,3
107,"id_530",0.32,0.2,1.6,1.79,15.77,10.71,95.6,3.8,0.6,"SAND",78.4,5.8,15.8,"LOAMY SAND",24.9103607,-16.6494512,21.516666730245,734,0
108,"id_560",0.36,0.16,1.7,1.76,18.07,8.46,95.6,3.8,0.6,"SAND",82.4,2.8,14.8,"LOAMY SAND",24.8230621,-16.639131,21.6499999364217,732,0
109,"id_563",0.48,0.32,1.7,1.89,23.87,18.16,93.6,4.8,1.6,"SAND",80.4,4.8,14.8,"LOAMY SAND",24.8119157,-16.6717726,21.6666666666667,729,2
110,"id_594",1.24,0.36,0.9,1.55,33.75,16.74,75.6,8.8,15.6,"SANDY LOAM",78.4,3.8,17.8,"LOAMY SAND",24.8193277,-16.6890227,21.75,725,0
111,"id_609",0.92,0.08,1.1,1.88,29.89,4.51,91.6,4.8,3.6,"SAND",84.4,2.8,12.8,"LOAMY SAND",24.7904254,-16.6924369,21.766666730245,723,0
112,"id_628",0.36,0.4,1.7,1.87,18.2,22.47,93.6,4.8,1.6,"SAND",78.4,6.8,14.8,"LOAMY SAND",24.7543966,-16.7043768,21.7500001589457,722,7
113,"id_476",0.08,0.04,1.6,1.54,3.75,1.85,93.6,3.8,2.6,"SAND",80.4,4.8,14.8,"LOAMY SAND",25.0216494,-16.7887338,22.0916666984558,706,3
114,"id_495",0.2,0.12,1.7,1.62,10.36,5.82,95.6,2.8,1.6,"SAND",78.4,5.8,15.8,"LOAMY SAND",24.9795106,-16.7387023,21.9166665077209,716,0
115,"id_505",0.68,0.12,1.8,1.64,36.48,5.89,93.6,4.8,1.6,"SAND",78.4,5.8,15.8,"LOAMY SAND",25.0214503,-16.7923414,22.0916666984558,705,3
116,"id_510",0.4,0.16,1.6,1.64,19.77,7.86,93.6,5.8,0.6,"SAND",78.4,6.8,14.8,"LOAMY SAND",24.9938144,-16.8019219,22.0333333015442,707,2
117,"id_516",0.88,0.52,1.5,1.7,40.14,26.56,87.6,4.8,7.6,"SAND",78.4,4.8,16.8,"LOAMY SAND",24.9772862,-16.7656338,22.0500000317891,710,1
118,"id_525",0.72,0.4,1.5,1.59,33.36,19.1,85.6,5.8,8.6,"LOAMY SAND",78.4,3.8,17.8,"LOAMY SAND",25.0488733,-16.7806931,22.2000001271566,702,0
119,"id_452",0.48,0.2,1.3,1.71,19.18,10.24,89.6,4.8,5.6,"SAND",80.4,6.8,12.8,"LOAMY SAND",24.928084,-16.5599499,21.4166668256124,742,3
120,"id_453",0.44,0.36,1.4,1.74,18.52,18.78,95.6,2.8,1.6,"SAND",82.4,4.8,12.8,"LOAMY SAND",24.8944508,-16.5037887,21.3916665712992,746,0
121,"id_455",0.36,0.28,1.4,1.77,15.31,14.84,95.6,2.8,1.6,"SAND",80.4,4.8,14.8,"LOAMY SAND",24.9143048,-16.5496712,21.375,742,2
122,"id_466",0.16,0.08,1.7,1.76,8.03,4.23,95.6,3.8,0.6,"SAND",78.4,4.8,16.8,"LOAMY SAND",24.9166751,-16.5536679,21.391666730245,743,3
123,"id_541",0.6,0.88,1.8,2,32.14,52.79,95.6,2.8,1.6,"SAND",80.4,2.8,16.8,"LOAMY SAND",24.7616324,-16.6167358,21.6666666666667,732,0
124,"id_543",0.52,0.32,1.7,1.71,26.16,16.43,89.6,4.8,5.6,"SAND",78.4,4.8,16.8,"LOAMY SAND",24.7253266,-16.5527123,21.6249998410543,736,2
125,"id_544",0.48,0.12,1.4,1.92,20.69,6.9,97.4,0.8,1.8,"SAND",74.6,0.8,24.6,"LOAMY SAND",24.8014253,-16.5874705,21.6083331108093,738,1
126,"id_548",0.44,0.36,1.8,1.85,23.92,20,97.4,0.8,1.8,"SAND",74.6,0.8,24.6,"LOAMY SAND",24.6821051,-16.6408454,21.8416666984558,719,0
127,"id_553",0.4,0.64,1.8,1.82,21.55,34.89,97.4,0.8,1.8,"SAND",72.6,0.8,26.6,"LOAMY SAND",24.7613285,-16.6199354,21.6666666666667,732,1
128,"id_555",0.48,0.48,1.9,1.84,27.7,26.46,97.4,0.8,1.8,"SAND",76.6,0.8,22.6,"LOAMY SAND",24.7148739,-16.6116756,21.8333333333333,723,0
129,"id_572",1.32,0.48,1.1,1.85,41.8,26.58,87,4.2,8.8,"LOAMY SAND",83,3.2,13.8,"LOAMY SAND",24.7486078,-16.5739328,21.7416667938232,729,0
130,"id_573",2.2,1.56,0.8,1.38,55.75,64.51,93.4,0.8,5.8,"SAND",70.6,2.8,26.6,"SANDY LOAM",24.692398,-16.6330083,21.9000000953674,720,1
131,"id_576",0.64,0.68,1.6,1.72,31.16,35.18,95.4,0.8,3.8,"SAND",70.6,0.8,28.6,"SANDY LOAM",24.7593047,-16.636467,21.6750000317891,732,1
132,"id_579",0.2,0.16,1.7,1.76,10.35,8.43,97.4,0.8,1.8,"SAND",74.6,0.8,24.6,"LOAMY SAND",24.8886431,-16.5462158,21.4333333969116,740,0
133,"id_582",0.36,0.24,1.5,1.7,16.6,12.23,97.4,0.8,1.8,"SAND",72.6,0.8,26.6,"LOAMY SAND",24.7144453,-16.5568195,21.6583333015442,734,1
134,"id_610",0.4,0.36,1.6,1.92,19.61,20.77,98.2,0.4,1.4,"SAND",75.8,4.4,19.8,"LOAMY SAND",24.6439431,-16.7393766,22.0083332061768,710,1
135,"id_638",0.6,0.32,1.7,1.76,30.3,16.92,97.4,0.8,1.8,"SAND",74.6,0.8,24.6,"LOAMY SAND",24.7521628,-16.5560567,21.6083331108093,736,0
136,"id_69",0.68,0.52,1.6,1.81,32.8,28.25,93.6,2.4,4,"SAND",93.6,2.4,4,"SAND",24.7102676,-17.4277763,22.7583335240682,636,0
137,"id_104",0.48,0.32,1.7,1.79,25.1,17.18,93.6,3.2,3.2,"SAND",93.6,3.2,3.2,"SAND",24.6528798,-17.445598,22.7166665395101,636,0
138,"id_80",0.04,0.04,1.5,1.62,1.85,1.95,91.6,1.6,6.8,"SAND",91.6,3.6,4.8,"SAND",24.7812797,-17.4883085,22.9416666030884,631,0
139,"id_83",0.36,0.04,1.6,1.69,17.76,2.02,89.6,3.6,6.8,"SAND",93.6,1.6,4.8,"SAND",24.8120512,-17.4894238,22.9666665395101,629,0
140,"id_109",0.48,0.08,1.1,1.62,16.39,3.88,87.6,3.6,8.8,"SAND",87.6,3.6,8.8,"SAND",24.7999763,-17.4617551,22.8833335240682,631,0
141,"id_361",0.48,0.76,1,1.67,14.87,37.98,85.6,5.6,8.8,"LOAMY SAND",75.6,11.6,12.8,"SANDY LOAM",24.9544954,-17.3675487,23.3083335558573,641,1
142,"id_409",0.44,0.2,1.5,1.15,19.94,6.88,71.6,11.6,16.8,"SANDY LOAM",71.6,19.6,8.8,"SANDY LOAM",24.9389045,-17.4525617,23.524999777476,633,0
143,"id_413",1.84,1.84,1.2,1.09,63.86,60.15,65.6,11.6,22.8,"SANDY LOAM",63.6,13.6,22.8,"SANDY LOAM",24.9440473,-17.4013415,23.2500001589457,638,0
144,"id_422",0.16,0.12,1.7,1.86,8.04,6.69,89.6,3.6,6.8,"SAND",91.6,3.6,4.8,"SAND",24.9389366,-17.3923061,23.2416667938232,637,0
145,"id_425",0.56,0.4,1.7,1.89,28.11,22.67,79.6,7.6,12.8,"LOAMY SAND",87.6,7.6,4.8,"LOAMY SAND",24.9284327,-17.3997935,23.2166668574015,638,0
146,"id_427",3.4,1.28,0.8,1.3,85.26,50.02,57.6,19.6,22.8,"SANDY LOAM",77.6,13.6,8.8,"SANDY LOAM",24.9424896,-17.3787267,23.2750000953674,639,0
147,"id_432",2.76,1,1.2,1.3,102.31,38.88,73.6,11.6,14.8,"SANDY LOAM",81.6,17.6,0.8,"SANDY LOAM",24.9233248,-17.3987123,23.2083334922791,637,0
148,"id_442",0.4,0.24,1.4,1.36,16.98,9.77,75.6,9.6,14.8,"SANDY LOAM",71.6,15.6,12.8,"SANDY LOAM",24.9403915,-17.4211464,23.350000222524,637,3
149,"id_66",0.36,0.28,1.6,1.72,17.22,14.49,86.4,3.6,10,"LOAMY SAND",90.4,0,9.6,"SAND",24.7895033,-17.4499321,22.8250002861023,633,3
150,"id_84",0.24,0.04,1.5,1.58,10.91,1.9,84.4,1.6,14,"LOAMY SAND",86.4,3.6,10,"LOAMY SAND",24.651555,-17.3385529,22.3416666984558,654,2
151,"id_91",0.32,0.04,1.6,1.78,15.6,2.14,84.4,1.6,14,"LOAMY SAND",88.4,1.6,10,"SAND",24.7860203,-17.4374106,22.8166669209798,634,4
152,"id_95",0.36,0.28,1.7,1.47,17.86,12.35,90.4,1.6,8,"SAND",92.4,0,7.6,"SAND",24.7229061,-17.4363535,22.7833336194356,636,0
153,"id_97",0.12,0.08,2,1.95,7.13,4.67,92.4,1.6,6,"SAND",90.4,0,9.6,"SAND",24.7029195,-17.4183668,22.7333334287008,637,0
154,"id_101",0.12,0.04,1.6,1.81,5.75,2.18,86.4,1.6,12,"SAND",88.4,3.6,8,"SAND",24.6517669,-17.3883208,22.4999998410543,647,0
155,"id_416",0.04,0.04,1.6,1.75,1.95,2.1,88.4,1.6,10,"SAND",88.4,1.6,10,"SAND",24.7944116,-17.4169483,22.8166669209798,635,1
156,"id_419",0.92,0.4,1.4,1.56,39.86,18.76,91.2,4,4.8,"SAND",83.2,6,10.8,"LOAMY SAND",24.8726337,-17.4340347,23.1333333651225,634,0
157,"id_421",0.32,0.12,1.4,1.85,13.92,6.68,93.2,2,4.8,"SAND",95.2,2,2.8,"SAND",24.8864359,-17.3710373,23.0916665395101,641,0
158,"id_423",0.6,0.24,1.7,1.7,30.15,12.22,83.2,6,10.8,"LOAMY SAND",91.2,4,4.8,"SAND",24.8490789,-17.4166835,22.9999998410543,636,0
159,"id_428",0.32,0.16,1.5,1.5,14.48,7.18,95.2,2,2.8,"SAND",95.2,4,0.8,"SAND",24.8847829,-17.3876212,23.0999999046326,645,0
160,"id_433",0.72,0.24,1.8,1.47,38.23,10.6,91.2,4,4.8,"SAND",93.2,2,4.8,"SAND",24.8802867,-17.3991922,23.0916665395101,643,1
161,"id_435",1.12,0.88,1.3,1.53,44.05,40.28,81.2,6,12.8,"LOAMY SAND",81.2,8,10.8,"LOAMY SAND",24.871671,-17.4311713,23.125,636,0
162,"id_437",0.64,0.28,1.7,1.44,31.99,12.09,81.2,8,10.8,"LOAMY SAND",87.2,8,4.8,"LOAMY SAND",24.8693079,-17.4810419,23.125,629,0
163,"id_440",0.92,0.28,1.5,1.45,41.8,12.18,91.2,4,4.8,"SAND",89.2,6,4.8,"SAND",24.8433757,-17.3696279,22.9333333969116,643,0
164,"id_6",0.36,0.2,1.4,1.63,15.62,9.8,87.6,7.2,5.2,"LOAMY SAND",85.6,9.2,5.2,"LOAMY SAND",24.6213082,-17.1747869,22.1166667938232,671,7
165,"id_10",0.28,0.32,1.5,1.71,12.98,16.41,89.6,5.2,5.2,"SAND",89.6,9.2,1.2,"LOAMY SAND",24.4814531,-17.2797137,21.9083329836528,664,4
166,"id_40",0.2,0.32,1.5,1.72,9.24,16.52,76,10,14,"SANDY LOAM",78,14,8,"SANDY LOAM",24.630853,-17.3084272,22.2083331743876,658,0
167,"id_47",0.28,0.32,1.4,1.57,11.91,15.08,78,12,10,"SANDY LOAM",80,10,10,"SANDY LOAM",24.6525288,-17.1957817,22.2416666348775,663,1
168,"id_50",0.36,0.24,1.5,1.41,15.98,10.14,76,10,14,"SANDY LOAM",80,10,10,"SANDY LOAM",24.6129385,-17.1711752,22.1083334287008,670,9
169,"id_54",0.24,0.08,1.2,1.65,8.39,3.95,84,8,8,"LOAMY SAND",80,6,14,"LOAMY SAND",24.5820313,-17.1884128,22.0916666984558,669,1
170,"id_63",0.24,0.32,1.4,1.63,10.35,15.63,80,12,8,"SANDY LOAM",82,10,8,"LOAMY SAND",24.5176059,-17.2461311,21.9749997456868,666,2
171,"id_78",0.2,0.08,1.4,1.5,8.63,3.59,80,8,12,"LOAMY SAND",76,12,12,"SANDY LOAM",24.7056573,-17.1690771,22.2833331425985,666,0
172,"id_90",0.32,0.24,1.6,1.46,14.9,10.52,74,12,14,"SANDY LOAM",72,14,14,"SANDY LOAM",24.6455478,-17.2748692,22.3166669209798,656,0
173,"id_96",0.16,0.16,1.5,1.65,7.04,7.92,78,10,12,"SANDY LOAM",76,12,12,"SANDY LOAM",24.6340861,-17.2919626,22.266666730245,655,0
174,"id_98",0.04,0,1.8,1.73,2.21,0,80,10,10,"SANDY LOAM",78,12,10,"SANDY LOAM",24.6236749,-17.2929721,22.2416666348775,654,0
175,"id_99",0.12,0.04,1.4,1.57,5.18,1.88,80,12,8,"SANDY LOAM",78,14,8,"SANDY LOAM",24.7130598,-17.238909,22.3333333333333,657,1
176,"id_1",0.12,0.16,1.5,1.4,5.5,6.7,80,12,8,"SANDY LOAM",80,10,10,"SANDY LOAM",24.4232056,-17.2292979,21.8499995867411,669,3
177,"id_3",0.2,0.36,1.4,1.65,8.28,17.87,96,2,2,"SAND",96,2,2,"SAND",24.4487137,-17.1361177,21.8999999364217,680,8
178,"id_4",0.4,0.16,1.5,1.44,18.38,6.93,80,12,8,"SANDY LOAM",76,14,10,"SANDY LOAM",24.4324458,-17.1550848,21.8916665712992,680,4
179,"id_5",0.28,0.16,1.4,1.54,12.03,7.38,84,10,6,"LOAMY SAND",82,8,10,"LOAMY SAND",24.4409394,-17.2682772,21.8249998092651,665,5
180,"id_8",0.08,0.16,1.5,1.75,3.67,8.38,86,8,6,"LOAMY SAND",84,8,8,"LOAMY SAND",24.4149695,-17.1890626,21.8666664759318,675,5
181,"id_9",0.24,0.16,1.4,1.68,10.37,8.06,84,6,10,"LOAMY SAND",84,8,8,"LOAMY SAND",24.402105,-17.1554667,21.8833332061768,679,5
182,"id_15",0.24,0.04,1.6,1.54,11.69,1.84,86,6,8,"LOAMY SAND",88,4,8,"SAND",24.4194223,-17.229107,21.8499995867411,669,5
183,"id_19",0.24,0.08,1.4,1.4,9.93,3.35,86,6,8,"LOAMY SAND",92,6,2,"SAND",24.4172256,-17.1875218,21.8749998410543,675,6
184,"id_21",0.04,0.16,1.2,1.39,1.4,6.69,76,12,12,"SANDY LOAM",80,12,8,"SANDY LOAM",24.42248,-17.1392233,21.8749998410543,683,3
185,"id_23",0.48,0.28,1.5,1.37,21.63,11.49,74,12,14,"SANDY LOAM",78,10,12,"SANDY LOAM",24.3525765,-17.2281849,21.7500000794729,669,1
186,"id_24",0.2,0.28,1.5,1.52,9.09,12.78,84,6,10,"LOAMY SAND",84,6,10,"LOAMY SAND",24.3671327,-17.2180087,21.7500000794729,673,6
187,"id_27",0.04,0.12,1.5,1.57,1.83,5.66,91.2,4.4,4.4,"SAND",91.2,6.4,2.4,"SAND",24.3481295,-17.2267447,21.8083332379659,666,0
188,"id_32",0.24,0.04,1.5,1.69,10.73,2.03,89.2,4.4,6.4,"SAND",87.2,8.4,4.4,"LOAMY SAND",24.447374,-17.1417608,21.8916665712992,681,10
189,"id_53",0.16,0.16,1.7,1.85,8.06,8.87,89.2,4.4,6.4,"SAND",89.2,6.4,4.4,"SAND",24.3494346,-17.1880191,21.766666730245,669,6
190,"id_55",0.28,0.08,1.7,1.75,14.31,4.19,87.2,6.4,6.4,"LOAMY SAND",89.2,6.4,4.4,"SAND",24.4270524,-17.2202452,21.8916662534078,670,1
191,"id_17",0.24,0.28,1.4,1.35,10.41,11.31,87.2,6.4,6.4,"LOAMY SAND",85.2,8.4,6.4,"LOAMY SAND",24.5937751,-17.1508206,22.0833333333333,674,6
192,"id_22",0.6,0,1.4,1.5,25.43,0,86.4,1.6,12,"SAND",88.4,0,11.6,"SAND",24.5207913,-17.1747539,22.016666730245,667,0
193,"id_26",0.04,0.04,1.7,1.39,2.01,1.67,90.4,1.6,8,"SAND",88.4,1.6,10,"SAND",24.5990855,-17.1606797,22.0583332379659,672,5
194,"id_36",0.44,0.28,1.5,1.31,19.23,10.99,86.4,5.6,8,"LOAMY SAND",82.4,7.6,10,"LOAMY SAND",24.57144,-17.1483455,22.0166665712992,675,7
195,"id_46",0.12,0.08,1.5,1.62,5.33,3.89,86.4,3.6,10,"LOAMY SAND",88.4,1.6,10,"SAND",24.4985294,-17.1595996,21.8249998092651,676,1
196,"id_49",0.48,0.32,1.4,1.49,20.27,14.27,86.4,3.6,10,"LOAMY SAND",90.4,0,9.6,"SAND",24.4986151,-17.2179359,21.9583331743876,670,8
197,"id_33",0.32,0.24,1.5,1.63,14.47,11.74,90.8,4,5.2,"SAND",94.8,5,0.2,"SAND",24.655263,-17.0965724,22.1583334604899,674,1
198,"id_310",0.32,0.2,1.7,1.88,16.67,11.26,92.8,4,3.2,"SAND",94.8,5,0.2,"SAND",24.7954884,-16.9722448,22.0833334922791,705,0
199,"id_313",0.52,0.36,1.5,1.6,22.88,17.24,92.8,5,2.2,"SAND",92.8,4,3.2,"SAND",24.6570032,-17.0338054,22.0083332061768,687,0
200,"id_315",1.84,0.56,1.3,1.55,71.43,26.11,82.8,6,11.2,"LOAMY SAND",86.8,7,6.2,"LOAMY SAND",24.686675,-16.9864183,22.0500000317891,689,0
201,"id_318",0.48,0.28,1.5,1.51,22.01,12.71,92.8,5,2.2,"SAND",92.8,6,1.2,"SAND",24.8084525,-16.9458914,22.0416668256124,706,4
202,"id_320",0.36,0.2,1.5,1.59,15.94,9.56,92.8,4,3.2,"SAND",94.8,4,1.2,"SAND",24.8056592,-16.9530626,22.0999995867411,698,0
203,"id_321",0.6,0.24,1.7,1.76,29.73,12.64,92.8,4,3.2,"SAND",92.8,4,3.2,"SAND",24.7897277,-16.926105,21.9666666984558,703,6
204,"id_324",0.12,0.28,1.5,1.48,5.34,12.47,92.8,4,3.2,"SAND",94.8,4,1.2,"SAND",24.6733271,-17.0873766,22.1416668891907,678,5
205,"id_327",0.6,0.32,1.6,1.63,28.71,15.64,92.8,4,3.2,"SAND",92.8,4,3.2,"SAND",24.6458415,-17.0019493,21.8916668891907,688,6
206,"id_330",0.76,0.16,1.5,1.71,34.68,8.22,92.8,4,3.2,"SAND",92.8,5,2.2,"SAND",24.7460761,-17.018021,22.0666669209798,688,1
207,"id_333",0.28,0.4,1.5,1.57,12.51,18.81,94.4,2,3.6,"SAND",92.4,3,4.6,"SAND",24.6723314,-17.0860058,22.1416668891907,678,5
208,"id_334",0.32,0.4,1.5,1.58,14.39,18.96,94.4,2,3.6,"SAND",94.4,2,3.6,"SAND",24.66867,-16.9906413,21.9166665077209,695,1
209,"id_337",0.44,0.28,1.6,1.71,21.39,14.36,94.4,2,3.6,"SAND",92.4,2,5.6,"SAND",24.7898234,-16.9350571,22.0166668891907,702,2
210,"id_341",0.4,0.32,1.6,1.48,19.27,14.19,90.4,2,7.6,"SAND",90.4,2,7.6,"SAND",24.6857073,-17.056354,22.1333336830139,681,6
211,"id_342",0.36,0.36,1.8,2,19.02,21.65,92.4,1,6.6,"SAND",92.4,2,5.6,"SAND",24.7473337,-16.9665277,22.0083333651225,697,7
212,"id_343",0.88,0.48,1.8,1.91,47.28,27.47,88.4,3,8.6,"SAND",88.4,3,8.6,"SAND",24.7782569,-17.0324851,22.1666665077209,683,9
213,"id_529",0.48,0.12,1.7,1.9,25.02,6.84,92.4,1,6.6,"SAND",92.4,2,5.6,"SAND",24.7656178,-16.756676,21.7166666984558,721,1
214,"id_591",0.32,0.2,1.8,1.85,16.82,11.11,94.4,1,4.6,"SAND",94.4,1,4.6,"SAND",24.7014139,-16.8179374,21.875,715,5
215,"id_592",1.08,0.28,1.2,1.86,37.38,15.65,92.4,1,6.6,"SAND",94.4,1,4.6,"SAND",24.7192919,-16.8479041,21.983333269755,706,1
216,"id_602",1.32,0.08,1.2,1.81,46.8,4.35,86.4,1,12.6,"SAND",94.4,2,3.6,"SAND",24.7024955,-16.9378273,22.108333269755,693,2
217,"id_608",0.4,0.28,1.7,1.94,20.78,16.28,96,0.8,3.2,"SAND",92,0.8,7.2,"SAND",24.6889073,-16.8157263,21.875,714,6
218,"id_630",0.6,0.84,1.8,1.99,32.06,50.11,94,0.8,5.2,"SAND",92,0.8,7.2,"SAND",24.7300941,-16.8576717,22.016666730245,705,6
219,"id_11",0.6,0.64,1.5,1.69,27.12,32.45,87.2,6,6.8,"LOAMY SAND",89.2,8,2.8,"SAND",24.7397228,-17.1056725,22.3500000635783,672,5
220,"id_41",0.32,0.2,1.7,1.74,15.98,10.45,95.2,2,2.8,"SAND",97.2,2,0.8,"SAND",24.7554803,-17.1083189,22.3583334287008,673,1
221,"id_71",0.4,0.28,1.6,1.69,18.62,14.21,95.2,2,2.8,"SAND",97.2,2,0.8,"SAND",24.757784,-17.1952878,22.4000000953674,663,6
222,"id_72",0.2,0.24,1.8,1.69,10.99,12.18,91.2,4,4.8,"SAND",91.2,6,2.8,"SAND",24.7496919,-17.1530135,22.3666667938232,667,5
223,"id_76",0.44,0.44,1.7,1.69,22.05,22.24,93.2,2,4.8,"SAND",91.2,6,2.8,"SAND",24.7408295,-17.1429464,22.3333333333333,666,4
224,"id_82",0.56,0.48,1.4,1.59,23.82,22.86,87.2,6,6.8,"LOAMY SAND",91.2,4,4.8,"SAND",24.7560169,-17.1914851,22.4083334604899,664,2
225,"id_87",0.32,0.2,1.3,1.63,12.94,9.77,83.2,8,8.8,"LOAMY SAND",87.2,10,2.8,"LOAMY SAND",24.7944336,-17.1896919,22.4833334287008,661,0
226,"id_103",0.24,0.24,1.6,1.88,11.63,13.56,95.2,2,2.8,"SAND",93.2,2,4.8,"SAND",24.8126393,-17.2205451,22.4916666348775,657,0
227,"id_106",0.28,4.04,1.5,1.65,12.63,200.59,87.2,6,6.8,"LOAMY SAND",89.2,8,2.8,"SAND",24.8115011,-17.2045621,22.4750000635783,660,0
228,"id_265",0.44,0.4,1.6,1.59,20.48,19.13,87.6,3.6,8.8,"SAND",85.6,7.6,6.8,"LOAMY SAND",24.786102,-17.1514642,22.4499999682109,666,0
229,"id_282",0.44,0.48,1.9,1.87,25.44,26.88,91.6,1.6,6.8,"SAND",89.6,5.6,4.8,"SAND",24.7734383,-17.1401343,22.4083333015442,665,5
230,"id_283",0.4,0.52,1.6,1.55,18.85,24.2,83.6,5.6,10.8,"LOAMY SAND",85.6,9.6,4.8,"LOAMY SAND",24.8183021,-17.1507783,22.475000222524,666,1
231,"id_293",0.72,0.68,1.5,1.41,31.39,28.78,85.6,5.6,8.8,"LOAMY SAND",87.6,5.6,6.8,"LOAMY SAND",24.7316634,-17.1078914,22.3250001271566,670,6
232,"id_434",0.64,0.76,1.5,1.41,27.9,32.17,83.6,5.6,10.8,"LOAMY SAND",83.6,11.6,4.8,"LOAMY SAND",24.8375352,-17.2347259,22.616666952769,657,3
233,"id_351",2.96,2.04,1.8,1.45,162.47,88.76,52.8,23.6,23.6,"SANDY CLAY LOAM",58.8,33.6,7.6,"SANDY CLAY LOAM",24.9547794,-17.3140413,23.1750001907349,647,1
234,"id_355",1.12,0.44,1.4,1.43,45.63,18.89,84.8,5.6,9.6,"LOAMY SAND",82.8,7.6,9.6,"LOAMY SAND",24.9531834,-17.3065867,23.1583334604899,649,0
235,"id_368",2.96,1.64,1,1.34,88.62,65.82,56.8,21.6,21.6,"SANDY CLAY LOAM",48.8,7.6,43.6,"LOAM",25.045915,-17.2841367,23.3333333333333,672,0
236,"id_371",0.68,0.16,1.7,1.52,35.54,7.31,80.8,9.6,9.6,"LOAMY SAND",78.8,11.6,9.6,"SANDY LOAM",24.9735661,-17.2792252,23.2166666984558,651,3
237,"id_418",0.4,0.24,1.6,1.41,19.57,10.16,88.8,5.6,5.6,"SAND",90.8,5.6,3.6,"SAND",24.8924426,-17.2701957,22.9583333333333,653,0
238,"id_426",0.32,0.44,1.7,1.72,16.23,22.75,90.8,3.6,5.6,"SAND",88.8,3.6,7.6,"SAND",24.8798545,-17.2927592,22.9583333333333,650,0
239,"id_438",0.4,0.2,1.6,1.72,19.22,10.33,90.8,3.6,5.6,"SAND",90.8,3.6,5.6,"SAND",24.8831416,-17.2669255,22.8749998410543,654,1
240,"id_81",0.2,0.36,1.4,1.08,8.54,11.72,81.2,8.4,10.4,"LOAMY SAND",79.2,8.4,12.4,"LOAMY SAND",24.7952297,-17.2906942,22.6333335240682,652,8
241,"id_85",0.28,0.04,1.3,1.46,11.26,1.75,83.2,8.4,8.4,"LOAMY SAND",81.2,12.4,6.4,"SANDY LOAM",24.71469,-17.3038405,22.4916666348775,654,1
242,"id_88",0.56,0.08,1.3,1.54,21.38,3.7,83.2,8.4,8.4,"LOAMY SAND",89.2,4.4,6.4,"SAND",24.7003215,-17.2841872,22.4416664441427,655,0
243,"id_92",0.16,0.32,1.5,1.34,7.34,12.91,87.2,6.4,6.4,"LOAMY SAND",85.2,6.4,8.4,"LOAMY SAND",24.771931,-17.3175636,22.6250001589457,649,0
244,"id_93",0.12,0.04,1.7,1.65,5.99,1.98,87.2,4.4,8.4,"LOAMY SAND",87.2,4.4,8.4,"LOAMY SAND",24.7399767,-17.3061033,22.5583333969116,650,0
245,"id_94",0.64,0.28,1.5,1.41,28.41,11.81,81.2,8.4,10.4,"LOAMY SAND",83.2,10.4,6.4,"LOAMY SAND",24.7684786,-17.3011477,22.5750001271566,653,3
246,"id_105",0.56,0.32,1.5,1.69,25.21,16.24,83.2,8.4,8.4,"LOAMY SAND",83.2,12.4,4.4,"LOAMY SAND",24.7048008,-17.296632,22.4083333015442,657,1
247,"id_110",0.2,0.04,1.5,1.48,9.08,1.78,83.2,8.4,8.4,"LOAMY SAND",85.2,8.4,6.4,"LOAMY SAND",24.7204472,-17.2802715,22.4083333015442,655,0
248,"id_325",3.4,1.88,0.9,1.49,91.18,84.2,63.6,10.4,26,"SANDY LOAM",79.6,6.4,14,"LOAMY SAND",24.8038472,-16.9480115,22.0666664441427,700,2
249,"id_340",0.6,0.4,1.5,1.69,27.02,20.29,91.6,0.4,8,"SAND",89.6,2.4,8,"SAND",24.7543042,-16.8966007,21.8999999364217,706,1
250,"id_477",0.24,0.48,1.5,1.75,10.89,25.16,91.6,0.4,8,"SAND",87.6,0.4,12,"SAND",24.8844197,-16.8202674,21.8999999364217,708,0
251,"id_482",0.84,0.12,1.6,1.72,39.99,6.21,75.6,4.4,20,"LOAMY SAND",91.6,6.4,2,"SAND",24.8148012,-16.7430374,21.8166667620341,720,5
252,"id_490",1.88,1.2,1.6,1.72,90.98,61.95,77.6,6.4,16,"LOAMY SAND",91.6,6.4,2,"SAND",24.8887107,-16.8157546,21.8916665712992,711,0
253,"id_491",1.44,1.28,1.6,1.62,68.39,62.16,81.6,2.4,16,"LOAMY SAND",83.6,2.4,14,"LOAMY SAND",24.7947073,-16.9369842,22.0416668256124,700,2
254,"id_500",0.4,0.28,1.6,1.77,18.8,14.83,89.6,2.4,8,"SAND",89.6,10.4,0,"LOAMY SAND",24.8815194,-16.8223147,21.8166666030884,711,2
255,"id_507",3.52,3.12,1,1.61,107.19,150.71,71.6,2.4,26,"SANDY LOAM",71.6,2.4,26,"SANDY LOAM",24.9027969,-16.821193,21.9333333969116,705,3
256,"id_509",0.36,0.16,1.5,1.72,16.68,8.24,91.6,0.4,8,"SAND",89.6,0.4,10,"SAND",24.8525368,-16.8470249,21.8666666348775,713,0
257,"id_526",0.16,0.4,1.6,1.64,7.79,19.66,91.6,0.4,8,"SAND",91.6,0.4,8,"SAND",24.7861649,-16.8821408,21.9250000317891,708,2
258,"id_528",0.12,0.08,1.5,1.59,5.53,3.83,91.6,2.4,6,"SAND",91.6,4.4,4,"SAND",24.8256173,-16.7444149,21.766666730245,721,3
259,"id_535",0.6,0.04,1.5,1.77,26.93,2.13,87.6,4.4,8,"SAND",91.6,2.4,6,"SAND",24.7871822,-16.808609,21.875,716,7
260,"id_542",0.12,0.2,1.7,1.64,5.96,9.82,91.6,0.4,8,"SAND",91.6,2.4,6,"SAND",24.847715,-16.7507492,21.7500001589457,724,3
261,"id_598",0.2,0.152,1.7,1.7,10.06,7.75,87.6,4.4,8,"SAND",87.6,0.4,12,"SAND",24.8113543,-16.8043307,21.8500000635783,714,3
262,"id_620",2.76,0.152,1.3,1.92,105.87,8.74,83.6,0.4,16,"LOAMY SAND",91.6,0.4,8,"SAND",24.8466074,-16.8350298,21.9333332379659,711,0
263,"id_633",0.12,0.072,1.6,1.59,5.83,3.43,95.2,2,2.8,"SAND",93.2,4,2.8,"SAND",24.7738756,-16.8076635,21.8916665712992,713,5
264,"id_634",0.08,0.192,1.7,1.57,4.02,9.03,89.2,4,6.8,"SAND",89.2,6,4.8,"SAND",24.8331051,-16.7628157,21.7833334604899,722,4
265,"id_305",0.28,0.32,1.7,1.69,14.35,16.26,88.4,6,5.6,"SAND",90.4,6,3.6,"SAND",24.9581229,-17.1545276,22.7416664759318,676,5
266,"id_264",0.64,0.28,1.5,1.46,29.41,12.26,90,4,6,"SAND",90,6,4,"SAND",24.8317137,-17.0447678,22.2249997456868,677,4
267,"id_272",0.4,0.44,1.6,1.45,18.77,19.11,86,4,10,"LOAMY SAND",88,6,6,"LOAMY SAND",24.8480421,-17.0456934,22.2583332061768,677,2
268,"id_289",0.68,0.36,1.4,1.64,28.58,17.74,84.8,5.6,9.6,"LOAMY SAND",82.8,5.6,11.6,"LOAMY SAND",24.7644537,-17.0857375,22.3500000635783,673,5
269,"id_298",0.68,0.36,1.7,1.6,35.04,17.31,88.8,3.6,7.6,"SAND",88.8,3.6,7.6,"SAND",24.9124365,-17.0519681,22.2999998728434,676,2
270,"id_300",0.6,0.36,1.7,1.68,30.06,18.11,86.8,5.6,7.6,"LOAMY SAND",88.8,5.6,5.6,"SAND",24.9084203,-17.0633133,22.3249998092651,674,2
271,"id_302",0.04,0.32,1.8,1.5,2.1,14.37,90.8,3.6,5.6,"SAND",84.8,3.6,11.6,"LOAMY SAND",24.7713543,-17.103639,22.391666730245,674,1
272,"id_304",0.24,0.08,1.6,1.54,11.54,3.69,84.8,7.6,7.6,"LOAMY SAND",84.8,9.6,5.6,"LOAMY SAND",24.9366305,-17.1033899,22.5833334922791,669,1
273,"id_306",0.52,0.32,1.5,1.6,24.11,15.33,88.8,5.6,5.6,"LOAMY SAND",88.8,7.6,3.6,"LOAMY SAND",24.9366341,-17.1006924,22.5833334922791,669,1
274,"id_373",0.88,0.28,1.6,1.56,41.52,13.11,82.8,7.6,9.6,"LOAMY SAND",86.8,7.6,5.6,"LOAMY SAND",24.8127903,-17.0504279,22.2166665395101,686,2
275,"id_377",0.6,0.52,1.7,1.52,30,23.67,86.8,5.6,7.6,"LOAMY SAND",86.8,7.6,5.6,"LOAMY SAND",24.9249303,-17.0851288,22.4666668574015,682,1
276,"id_267",0.32,0.4,1.7,1.63,16.27,19.56,86.8,5.6,7.6,"LOAMY SAND",82.8,7.6,9.6,"LOAMY SAND",24.9482455,-17.1478103,22.7249997456868,681,5
277,"id_270",0.68,0.68,1.7,1.66,35.06,33.91,78.8,9.6,11.6,"SANDY LOAM",82.8,7.6,9.6,"LOAMY SAND",25.0291041,-17.1992634,23.0999999046326,669,0
278,"id_274",0.72,0.28,1.5,1.16,32.05,9.79,78.8,9.6,11.6,"SANDY LOAM",88.8,9.6,1.6,"LOAMY SAND",25.03494,-17.1952222,23.1333333651225,662,0
279,"id_291",0.36,0.28,1.6,1.63,16.97,13.72,84.8,5.6,9.6,"LOAMY SAND",84.8,7.6,7.6,"LOAMY SAND",25.0384035,-17.1884912,23.108333269755,661,0
280,"id_299",0.16,0.12,1.8,1.72,8.43,6.2,85.6,6.4,8,"LOAMY SAND",85.6,6.4,8,"LOAMY SAND",24.9186336,-17.1330721,22.625,668,5
281,"id_152",0.6,0.36,1.4,1.76,25.05,18.99,88,4.8,7.2,"SAND",88,4.8,7.2,"SAND",24.4117667,-16.7230256,22.0499998728434,706,1
282,"id_162",0.56,0.24,1.6,1.75,27.18,12.57,90,4.8,5.2,"SAND",90,4.8,5.2,"SAND",24.3924319,-16.7902375,21.9250001907349,707,3
283,"id_183",0.28,0.28,1.3,1.56,10.74,13.11,88,4.8,7.2,"SAND",88,6.8,5.2,"LOAMY SAND",24.3707601,-16.8131996,21.9083334604899,706,5
284,"id_202",0.2,0.2,1.4,1.69,8.67,10.15,86,4.8,9.2,"LOAMY SAND",88,4.8,7.2,"SAND",24.3905228,-16.7965803,21.9166668256124,708,3
285,"id_213",0.28,0.4,1.6,1.77,13.62,21.24,90,4.8,5.2,"SAND",90,4.8,5.2,"SAND",24.3314453,-16.8452469,21.9083334604899,705,5
286,"id_220",0.84,0.52,1.7,1.68,41.61,26.24,88,5.8,6.2,"LOAMY SAND",86,6.8,7.2,"LOAMY SAND",24.4327061,-16.8203191,21.8833333651225,708,2
287,"id_226",0.48,0.44,1.4,1.29,19.52,17.05,93.2,2.4,4.4,"SAND",93.2,2.4,4.4,"SAND",24.4489044,-16.7628389,21.8833333651225,710,5
288,"id_240",2.56,0.6,1.5,1.78,116.61,31.99,83.2,2.4,14.4,"LOAMY SAND",91.2,4.4,4.4,"SAND",24.3530911,-16.7978947,21.9500001271566,706,1
289,"id_243",0.48,0.44,1.5,1.84,21.38,24.33,93.2,2.4,4.4,"SAND",91.2,2.4,6.4,"SAND",24.4520535,-16.7654929,21.875,713,5
290,"id_247",0.28,0.08,1.5,1.64,12.22,3.94,91.2,4.4,4.4,"SAND",89.2,4.4,6.4,"SAND",24.3743788,-16.7229548,21.9583334922791,711,5
291,"id_588",0.84,0.44,1.6,1.6,40.64,21.17,89.2,2.4,8.4,"SAND",87.2,2.4,10.4,"SAND",24.601092,-16.7243887,21.9416664441427,711,5
292,"id_589",0.48,0.24,1.5,1.55,22.16,11.14,91.2,4.4,4.4,"SAND",91.2,4.4,4.4,"SAND",24.5416207,-16.8217037,21.8333333333333,709,0
293,"id_596",0.28,0.12,1.5,1.59,12.96,5.73,93.2,2.4,4.4,"SAND",91.2,2.4,6.4,"SAND",24.5342977,-16.8924869,22.0416666666667,694,0
294,"id_599",0.36,0.28,1.5,1.58,16.27,13.3,91.2,2.4,6.4,"SAND",91.2,4.4,4.4,"SAND",24.6086696,-16.7133093,21.9666665395101,709,1
295,"id_601",0.56,0.32,1.6,1.63,26.33,15.62,91.2,4.4,4.4,"SAND",89.2,4.4,6.4,"SAND",24.5370804,-16.7821659,21.8416666984558,715,2
296,"id_604",0.4,0.36,1.4,1.58,16.95,17.06,91.2,2.4,6.4,"SAND",91.2,4.4,4.4,"SAND",24.616516,-16.845767,21.9666665395101,704,6
297,"id_606",3.68,1.28,1.6,1.54,175.46,59,83.2,2.4,14.4,"LOAMY SAND",89.2,0.4,10.4,"SAND",24.6340733,-16.811495,21.9583333333333,710,3
298,"id_613",0.44,0.48,1.6,1.63,20.69,23.43,93.2,2.4,4.4,"SAND",91.2,2.4,6.4,"SAND",24.5946018,-16.7219528,21.9000000953674,711,2
299,"id_614",0.36,0.28,1.5,1.54,16.11,12.96,91.2,4.4,4.4,"SAND",89.2,4.4,6.4,"SAND",24.5447582,-16.8168333,21.9083333015442,703,0
300,"id_621",0.4,0.32,1.6,1.5,18.68,14.41,94.8,0.8,4.4,"SAND",94.8,2.8,2.4,"SAND",24.5733231,-16.8189185,22.0583332379659,699,0
301,"id_622",1.32,1.2,1.3,1.75,52.93,63,90.8,2.8,6.4,"SAND",90.8,4.8,4.4,"SAND",24.5674745,-16.7733928,21.9666665395101,709,8
302,"id_627",0.32,0.32,1.3,1.5,12.67,14.41,92.8,2.8,4.4,"SAND",94.8,4.8,0.4,"SAND",24.5923851,-16.816636,21.9666665395101,706,0
303,"id_629",0.4,0.36,1.6,1.6,19.23,17.23,91.6,5.2,3.2,"SAND",89.6,7.2,3.2,"SAND",24.5728311,-16.8668619,21.8583335876465,701,1
304,"id_637",0.36,0.28,1.5,1.77,16.15,14.87,91.6,5.2,3.2,"SAND",91.6,7.2,1.2,"SAND",24.6003211,-16.9054114,21.9499999682109,702,4
305,"id_639",0.36,0.2,1.6,1.66,17.53,9.94,91.6,5.2,3.2,"SAND",83.6,13.2,3.2,"LOAMY SAND",24.5572011,-16.747401,21.875,715,4
306,"id_640",0.24,0.28,1.3,1.43,9.41,12,91.6,5.2,3.2,"SAND",91.6,7.2,1.2,"SAND",24.6236317,-16.8449248,21.9666665395101,705,3
307,"id_645",0.32,0.44,1.5,1.53,14.28,20.19,89.6,5.2,5.2,"SAND",89.6,7.2,3.2,"SAND",24.5624904,-16.8863596,21.9416666030884,696,1
308,"id_646",0.36,0.24,1,1.61,10.78,11.6,91.6,5.2,3.2,"SAND",91.6,5.2,3.2,"SAND",24.5967603,-16.7349086,21.9083333015442,711,1
309,"id_647",0.6,0.2,1.7,1.51,29.8,9.08,79.6,11.2,9.2,"SANDY LOAM",91.6,5.2,3.2,"SAND",24.6102436,-16.7303426,21.9833331108093,710,1
310,"id_649",0.88,0.48,1.8,1.6,46.51,23.02,81.6,7.2,11.2,"LOAMY SAND",89.6,7.2,3.2,"SAND",24.5295308,-16.8812556,22.0083332061768,697,2
311,"id_16",0.2,0.36,1,1.55,6.22,16.78,86.4,1.6,12,"SAND",88.4,3.6,8,"SAND",24.4610711,-17.0330537,21.9583333333333,686,5
312,"id_25",0.52,0.16,1.3,1.67,20.74,8.03,84.4,5.6,10,"LOAMY SAND",76.4,3.6,20,"LOAMY SAND",24.491595,-17.0262896,21.9499998092651,681,1
313,"id_31",0.44,0.44,1.6,1.72,20.64,22.7,92.4,1.6,6,"SAND",90.4,1.6,8,"SAND",24.4145806,-17.0374688,21.8666664759318,687,3
314,"id_59",1.68,1.8,1.7,1.71,85.16,92.35,70.4,3.6,26,"SANDY LOAM",66.4,5.6,28,"SANDY LOAM",24.4077726,-17.0026905,21.8749998410543,688,4
315,"id_141",0.12,0.12,1.3,1.8,4.65,6.5,95.2,2,2.8,"SAND",95.2,2,2.8,"SAND",24.378774,-16.8949735,21.858333269755,698,0
316,"id_161",0.12,0.24,1.5,1.63,5.28,11.71,89.2,4,6.8,"SAND",89.2,6,4.8,"SAND",24.3784552,-16.9521651,21.7749999364217,694,1
317,"id_166",0.88,0.52,1.4,1.75,36.2,27.31,79.2,8,12.8,"LOAMY SAND",85.2,6,8.8,"LOAMY SAND",24.2731626,-17.1365333,21.9416664441427,668,2
318,"id_167",0.04,0.04,1.6,1.57,1.89,1.89,93.2,2,4.8,"SAND",91.2,2,6.8,"SAND",24.4178443,-16.9095776,21.8166666030884,697,7
319,"id_172",0.12,0.12,1.5,1.54,5.41,5.53,91.2,2,6.8,"SAND",91.2,4,4.8,"SAND",24.3644792,-17.0237138,21.8499999046326,687,0
320,"id_173",0.2,0.04,1.4,1.65,8.64,1.98,91.2,2,6.8,"SAND",91.2,2,6.8,"SAND",24.4295017,-16.9070957,21.8666664759318,696,6
321,"id_179",0.24,0.08,1.3,1.64,9.05,3.93,91.2,2,6.8,"SAND",91.2,0,8.8,"SAND",24.2699332,-16.9302278,21.9249998728434,693,2
322,"id_181",2.2,0.2,1.5,1.59,101.4,9.57,83.2,2,14.8,"LOAMY SAND",91.2,0,8.8,"SAND",24.5046668,-17.0780103,21.899999777476,676,0
323,"id_198",0.04,0.12,1.4,1.63,1.7,5.85,93.2,2,4.8,"SAND",57.2,10,32.8,"SANDY LOAM",24.3676683,-16.9652116,21.7666665712992,693,0
324,"id_200",0.52,0.36,1.1,1.42,16.68,15.29,85.2,2,12.8,"LOAMY SAND",83.2,4,12.8,"LOAMY SAND",24.4180545,-16.902073,21.8499997456868,696,6
325,"id_208",1.52,0.76,1.7,1.43,77,32.69,85.2,4,10.8,"LOAMY SAND",85.2,8,6.8,"LOAMY SAND",24.3630634,-17.0409987,21.8583331108093,689,3
326,"id_214",0.24,0.2,1.7,1.56,12.37,9.37,91.2,0,8.8,"SAND",91.2,0,8.8,"SAND",24.3633306,-17.0341419,21.8583331108093,689,2
327,"id_217",3.44,3.28,1.9,1.51,201.06,148.57,81.2,4,14.8,"LOAMY SAND",91.2,2,6.8,"SAND",24.2839817,-17.1259433,21.875,673,2
328,"id_225",0.28,0.28,1.2,1.62,10.11,13.64,93.2,2,4.8,"SAND",93.2,2,4.8,"SAND",24.3317978,-16.9731773,21.8749998410543,693,2
329,"id_227",0.48,0.24,1.1,1.62,15.72,11.67,91.2,2,6.8,"SAND",91.2,6,2.8,"SAND",24.3643746,-17.0176157,21.8499999046326,687,5
330,"id_231",0.2,0.2,1.4,1.73,8.4,10.41,100,0,0,"SAND",100,0,0,"SAND",24.3390812,-17.056752,21.8833332061768,681,1
331,"id_236",0.32,0.16,1.6,1.67,15.33,8.02,94,4,2,"SAND",90,4,6,"SAND",24.284739,-16.9013455,21.9083334604899,696,0
332,"id_238",1,0.52,1.3,1.77,38.84,27.66,88,4,8,"SAND",90,6,4,"SAND",24.3108229,-17.0658097,21.8916664123535,680,3
333,"id_242",0.28,0.2,1.4,1.69,11.46,10.11,92,4,4,"SAND",90,4,6,"SAND",24.264587,-16.9428298,21.8999999364217,691,1
334,"id_251",1.28,1.04,1.7,1.97,64.72,61.6,90,6,4,"SAND",90,4,6,"SAND",24.3007963,-17.0164536,21.9333332379659,687,3
335,"id_253",2.68,0.6,1.8,1.78,140.93,32.05,86,6,8,"LOAMY SAND",92,4,4,"SAND",24.2963394,-17.0294033,21.9333332379659,686,1
336,"id_309",3.16,1.36,1.5,1.74,143.66,71.07,74,6,20,"SANDY LOAM",80,4,16,"LOAMY SAND",24.533667,-16.917581,22.0333333015442,693,0
337,"id_326",0.4,0.28,1.4,1.65,17.17,13.89,92,4,4,"SAND",92,4,4,"SAND",24.5268065,-16.9670203,21.9333332379659,690,7
338,"id_329",0.6,0.4,1.7,1.79,30.03,21.47,92,4,4,"SAND",92,4,4,"SAND",24.5704705,-16.948618,21.9583333333333,697,4
339,"id_600",0.2,0.16,1.5,1.82,9.29,8.72,92,4,4,"SAND",92,6,2,"SAND",24.5330869,-16.9328825,22.0249999364217,694,0
340,"id_612",1.2,0.4,1.7,1.79,62.52,21.49,74,12,14,"SANDY LOAM",76,10,14,"SANDY LOAM",24.5362437,-16.9055657,22.0416666666667,691,0
341,"id_618",0.36,0.36,1.2,1.66,12.66,17.89,96,4,0,"SAND",94,2,4,"SAND",24.5780067,-16.9514591,21.9583333333333,700,3
342,"id_636",0.24,0.2,1.1,1.22,8.06,7.34,94,4,2,"SAND",92,2,6,"SAND",24.5686562,-16.9434904,21.9583333333333,697,2
343,"id_79",1.36,0.2,1.7,1.82,68.14,10.9,93.4,3.8,2.8,"SAND",97.4,0.8,1.8,"SAND",24.3610366,-17.4543279,22.1083331902822,644,0
344,"id_145",0.72,0.4,1.6,1.46,33.73,17.53,67.4,4.8,27.8,"SANDY LOAM",65.4,8.8,25.8,"SANDY LOAM",24.2671981,-17.4782304,21.9749997456868,635,0
345,"id_168",0.2,0.28,1.8,1.68,10.59,14.09,97.4,0.8,1.8,"SAND",97.4,0.8,1.8,"SAND",24.2470401,-17.4157836,21.7166665395101,654,3
346,"id_178",0.52,0.2,1.6,1.76,25.58,10.58,97.4,0.8,1.8,"SAND",97.4,1.8,0.8,"SAND",24.2609956,-17.4002318,21.658333381017,656,1
347,"id_191",0.32,0.16,1.8,1.81,17.63,8.7,95.4,0.8,3.8,"SAND",97.4,0.8,1.8,"SAND",24.2856334,-17.4490033,21.8000000317891,656,0
348,"id_192",0.36,0.2,1.7,1.59,18.54,9.53,91.2,5.8,3,"SAND",89.2,3.8,7,"SAND",24.2762594,-17.4696594,21.9416666030884,644,0
349,"id_209",1.16,0.32,1.7,1.75,60.54,16.77,91.2,3.8,5,"SAND",89.2,3.8,7,"SAND",24.3279896,-17.4610674,21.9916667938232,644,0
350,"id_223",0.6,0.2,1.7,1.5,30.2,9.01,90.2,3.8,6,"SAND",90.2,3.8,6,"SAND",24.3581972,-17.4635167,22.0916664600372,641,0
351,"id_249",0.36,0.12,1.6,1.65,17.81,5.94,87.2,3.8,9,"SAND",91.2,1.8,7,"SAND",24.2435725,-17.4593214,22.0249998569489,636,0
352,"id_2",0.48,0.24,2,1.84,28.82,13.22,91.2,2.8,6,"SAND",89.2,3.8,7,"SAND",24.3943593,-17.4318886,22.0833333333333,645,0
353,"id_57",1.68,0.64,1.4,1.76,72.54,33.88,55.2,37.8,7,"SANDY CLAY",59.2,29.8,11,"SANDY CLAY LOAM",24.3423415,-17.3460534,21.725000222524,660,4
354,"id_62",1.04,0.36,1.7,1.44,53.75,15.53,87.2,9.8,3,"LOAMY SAND",85.2,10.8,4,"LOAMY SAND",24.3088917,-17.3663536,21.7083331743876,659,4
355,"id_75",0.24,0.16,1.9,1.85,13.6,8.89,96.2,1.8,2,"SAND",91.2,5.8,3,"SAND",24.4106999,-17.4417776,22.2166663805644,640,0
356,"id_239",0.72,0.48,1.8,1.5,39.53,21.64,91.2,3.8,5,"SAND",87.2,8.8,4,"LOAMY SAND",24.3350529,-17.3022168,21.7666666507721,664,9
357,"id_18",0.48,0.32,1.8,1.72,25.68,16.47,93.2,1.8,5,"SAND",93.2,1.8,5,"SAND",24.3957111,-17.3106361,21.7166669368744,663,2
358,"id_35",0.4,0.32,1.9,1.96,22.65,18.83,93.2,1.8,5,"SAND",94.2,2.8,3,"SAND",24.4434634,-17.3546058,21.8666668732961,658,5
359,"id_39",0.32,0.36,1.8,1.82,17.2,19.67,93.2,2.8,4,"SAND",93.2,2.8,4,"SAND",24.4149734,-17.3859472,21.8666668732961,653,1
360,"id_58",0.52,0.4,1.8,1.71,28.56,20.54,93.2,2.8,4,"SAND",92.2,2.8,5,"SAND",24.4497291,-17.3202666,21.8499999046326,664,5
361,"id_77",0.52,0.28,1.8,1.85,28.71,15.55,93.2,2.8,4,"SAND",93.2,2.8,4,"SAND",24.3764932,-17.3907613,21.841666618983,653,5
362,"id_107",2.64,0.64,1.5,1.87,116.17,35.84,61.2,21.8,17,"SANDY CLAY LOAM",71.2,21.8,7,"SANDY CLAY LOAM",24.4200936,-17.4539721,22.2583333651225,637,0
363,"id_65",0.36,0.32,1.5,1.49,15.96,14.34,96,0.6,3.4,"SAND",96,1.6,2.4,"SAND",24.5520906,-17.4070482,22.3499997456868,645,0
364,"id_67",0.32,0.2,1.8,1.86,17.76,11.18,96,1.6,2.4,"SAND",96,3.6,0.4,"SAND",24.5842076,-17.396953,22.4166665077209,645,0
365,"id_68",0.52,0.24,1.7,1.85,26.08,13.29,94,3.6,2.4,"SAND",90,3.6,6.4,"SAND",24.5408806,-17.3782724,22.1333335240682,651,4
366,"id_73",0.48,0.2,1.3,1.86,18.27,11.18,90,3.6,6.4,"SAND",90,5.6,4.4,"SAND",24.6043731,-17.3994798,22.4749999046326,645,0
367,"id_102",0.08,0.08,1.8,1.86,4.27,4.48,96,1.6,2.4,"SAND",98,0.6,1.4,"SAND",24.5962156,-17.4238316,22.4916666348775,640,0
368,"id_108",0.24,0.48,1.4,1.92,10.1,27.59,96,2.6,1.4,"SAND",92,1.6,6.4,"SAND",24.5977565,-17.3987789,22.4583331743876,644,1
369,"id_118",0.32,0.52,1.6,1.79,15.2,27.96,98,0.6,1.4,"SAND",98,0.6,1.4,"SAND",24.0995697,-17.1527993,21.9583333333333,672,5
370,"id_131",0.56,0.4,1.7,1.81,28.09,21.71,98,1.6,0.4,"SAND",98,0.6,1.4,"SAND",24.0806849,-17.1225146,21.9666666984558,674,1
371,"id_153",0.36,0.6,1.8,1.44,19.2,25.96,92,7.6,0.4,"SAND",92,6.6,1.4,"SAND",24.1556365,-17.255116,22.100000222524,652,1
372,"id_156",0.36,0.24,1.7,1.01,18.83,7.25,98,0.6,1.4,"SAND",98,0.6,1.4,"SAND",24.1016335,-17.0999024,22.0916666984558,668,2
373,"id_164",0.36,0.2,1.7,1.71,18.38,10.27,98,0.6,1.4,"SAND",98,1.6,0.4,"SAND",24.094873,-17.1111569,21.9583331743876,674,4
374,"id_165",0.4,0.24,1.7,1.78,20.78,12.83,98,0.6,1.4,"SAND",98,0.6,1.4,"SAND",24.1199063,-17.1401851,21.8833332061768,674,8
375,"id_171",0.08,0.12,1.5,1.91,3.71,6.89,96,0.6,3.4,"SAND",98,1.6,0.4,"SAND",24.262228,-17.1783987,21.7750000953674,670,0
376,"id_176",0.28,0.2,2,1.87,16.41,11.24,98,0.6,1.4,"SAND",98,0.6,1.4,"SAND",24.2636134,-17.2854681,21.7583334445953,666,4
377,"id_180",0.28,0.48,1.5,1.81,12.68,26.02,92,3.6,4.4,"SAND",94,3.6,2.4,"SAND",24.1855539,-17.1975347,21.8333328564962,668,5
378,"id_184",0.16,0.12,1.9,1.92,8.97,6.9,90,3.6,6.4,"SAND",90,5.6,4.4,"SAND",24.2422449,-17.2779446,21.783333381017,668,9
379,"id_187",0.48,0.08,1.8,1.77,25.58,4.24,90,4.6,5.4,"SAND",92,3.6,4.4,"SAND",24.1121745,-17.1526193,21.899999777476,673,3
380,"id_196",0.36,0.16,1.3,1.81,14.25,8.68,92,3.6,4.4,"SAND",94,2.6,3.4,"SAND",24.1776127,-17.1881987,21.8499995867411,668,5
381,"id_199",0.64,0.2,1.4,1.61,26.34,9.64,86,7.6,6.4,"LOAMY SAND",84,7.6,8.4,"LOAMY SAND",24.0733766,-17.1391649,22.1916669209798,656,1
382,"id_201",0.32,0.32,1.7,1.76,16.52,16.88,90,3.6,6.4,"SAND",90,3.6,6.4,"SAND",24.1078912,-17.1662345,21.9166665077209,669,2
383,"id_203",0.48,0.24,1.9,1.79,26.98,12.9,88,3.6,8.4,"SAND",88,5.6,6.4,"SAND",24.2028514,-17.3664212,21.7249999046326,655,0
384,"id_215",0.52,0.32,1.3,2,19.87,19.2,88,5.6,6.4,"SAND",92,3.6,4.4,"SAND",24.1529929,-17.1805737,22.0083333651225,661,0
385,"id_216",0.4,0.2,1.9,1.83,22.78,10.98,90,3.6,6.4,"SAND",90,3.6,6.4,"SAND",24.2296423,-17.2971687,21.7750000158946,662,6
386,"id_219",0.4,0.24,1.5,1.95,17.55,14.01,90,5.6,4.4,"SAND",92,5.6,2.4,"SAND",24.1989801,-17.210942,21.8749996821086,664,6
387,"id_229",0.48,0.32,2,1.84,28.75,17.62,92,3.6,4.4,"SAND",90,3.6,6.4,"SAND",24.2071824,-17.3722365,21.766666730245,652,0
388,"id_237",0.6,0.28,1.9,1.92,34.86,16.16,90,4.6,5.4,"SAND",90,3.6,6.4,"SAND",24.1781523,-17.3282168,21.8416667779287,655,0
389,"id_248",5.12,3.36,1.1,1.35,161.85,135.84,75.2,6.8,18,"SANDY LOAM",91.2,6.8,2,"SAND",24.1798942,-17.3004565,21.9166665077209,656,0
390,"id_250",0.28,0.88,1.1,1.85,8.88,48.94,97.2,2.8,0,"SAND",89.2,7.8,3,"SAND",24.2668986,-17.1515416,21.8499995867411,669,1
391,"id_252",0.12,0.72,1.9,1.9,7,41.06,95.2,4.8,0,"SAND",95.2,4.8,0,"SAND",24.2710188,-17.2725279,21.7750000158946,669,6
392,"id_256",0.72,0.4,1.7,1.79,37.53,21.5,97.2,2.8,0,"SAND",97.2,2.8,0,"SAND",24.0779072,-17.0918238,22.0499998728434,670,2
393,"id_257",0.6,0.36,1.7,1.57,30.77,16.95,97.2,2.8,0,"SAND",95.2,4.8,0,"SAND",24.1148633,-17.1708167,21.875,670,3
394,"id_262",0.6,0.36,1.9,2,34.01,21.63,97.2,2.8,0,"SAND",95.2,2.8,2,"SAND",24.2600035,-17.2853887,21.7583334445953,666,4
395,"id_111",0.44,0.32,1.5,1.81,19.18,17.34,95.2,2.8,2,"SAND",97.2,1.8,1,"SAND",24.1038317,-16.9148117,22.2416664759318,680,0
396,"id_116",0.84,0.4,1.9,1.75,47.4,20.98,99.2,0.8,-2.89e-15,"SAND",97.2,2.8,0,"SAND",24.1543767,-17.0640617,22.0249999364217,675,1
397,"id_119",1.36,0.4,1.6,1.96,66.67,23.54,89.2,6.8,4,"SAND",93.2,6.8,0,"SAND",24.1684257,-16.8377453,22.2166666984558,691,0
398,"id_123",0.44,0.2,1.6,1.76,21.32,10.55,97.2,2.8,0,"SAND",97.2,2.8,0,"SAND",24.1473675,-17.0742028,21.9333333969116,679,1
399,"id_130",3.48,1.12,1.4,1.83,147.65,61.59,91.2,6.8,2,"SAND",95.2,4.8,0,"SAND",24.1705512,-17.0056318,22.0083335240682,677,1
400,"id_134",0.24,0.52,1.5,1.8,10.51,28.11,95.2,4.8,0,"SAND",97.2,2.8,0,"SAND",24.0313101,-17.0449183,22.1250001589457,674,2
401,"id_137",0.92,0.48,1.9,1.89,53.38,27.24,90,0,10,"SAND",86,2,12,"LOAMY SAND",24.1516101,-16.8560854,22.2083333333333,690,0
402,"id_140",0.32,0.64,1.9,1.8,17.79,34.51,86,1,13,"SAND",86,4,10,"LOAMY SAND",24.180821,-16.8265121,22.2000001271566,690,0
403,"id_159",0.52,0.32,1.9,1.92,29.28,18.46,96,0,4,"SAND",94,0,6,"SAND",24.1522002,-16.854985,22.2083333333333,690,0
404,"id_160",0.4,0.28,1.3,1.7,15.32,14.24,98,0,2,"SAND",96,0,4,"SAND",24.0691828,-16.9697797,21.9500001271566,692,1
405,"id_174",0.8,0.36,1.6,1.89,37.77,20.43,96,0,4,"SAND",94,0,6,"SAND",24.039621,-16.9661745,22.0833334922791,687,3
406,"id_175",0.8,0.2,1.9,1.85,44.52,11.1,92,0,8,"SAND",98,0,2,"SAND",24.1620328,-16.8207262,22.1333335240682,695,2
407,"id_186",0.32,0.04,1.8,1.94,17.43,2.33,98,0,2,"SAND",96,1,3,"SAND",24.1247449,-16.8169692,21.9916667938232,703,2
408,"id_189",0.12,0.04,1.8,1.76,6.5,2.11,96,3,1,"SAND",96,0,4,"SAND",24.1452167,-17.0145362,22.0416665077209,680,4
409,"id_193",3.16,0.08,1.4,1.87,130.16,4.48,90,0,10,"SAND",96,0,4,"SAND",24.1024758,-16.9234068,22.2249997456868,678,1
410,"id_205",0.12,0.16,1.7,1.78,5.98,8.52,98,0,2,"SAND",94,1,5,"SAND",24.1577127,-17.0135459,22.0499998728434,678,0
411,"id_210",1.04,0.24,1.8,1.46,57.48,10.5,92,2,6,"SAND",96,0,4,"SAND",24.099109,-16.9308247,22.1583331425985,680,0
412,"id_218",0.72,0.2,2,1.95,42.72,11.67,96,0,4,"SAND",98,0,2,"SAND",24.1261227,-16.8172087,21.9833334287008,703,2
413,"id_232",0.36,0.36,1.7,1.79,18.18,19.37,98,0,2,"SAND",98,0,2,"SAND",24.1710258,-17.0291435,21.9083333015442,682,1
414,"id_233",0.36,0.16,1.8,1.75,19.02,8.42,96,0,4,"SAND",94,2,4,"SAND",24.1685371,-17.0608709,21.9250000317891,680,3
415,"id_234",0.48,0.2,1.7,1.8,23.78,10.78,94,2.8,3.2,"SAND",94,3.8,2.2,"SAND",24.1721666,-16.996306,21.8999999364217,688,2
416,"id_241",0.4,0.16,1.6,1.84,19.2,8.85,98,1.8,0.2,"SAND",98,0.8,1.2,"SAND",24.087411,-16.9534174,22.1166667938232,680,0
417,"id_244",0.4,0.44,1.7,1.73,20.43,22.84,98,0.8,1.2,"SAND",94,0.8,5.2,"SAND",24.1679098,-17.0640558,21.9250000317891,680,1
418,"id_246",0.76,0.16,1.9,1.82,43.8,8.74,92,0.8,7.2,"SAND",96,0.8,3.2,"SAND",24.153787,-16.8541657,22.2083333333333,690,1
419,"id_258",2.48,0.24,1.2,1.6,89.31,11.52,74,2.8,23.2,"LOAMY SAND",94,1.8,4.2,"SAND",24.1191918,-16.89146,22.2416664759318,683,0
420,"id_260",0.76,0.04,1.5,1.81,33.93,2.17,94,2.8,3.2,"SAND",94,3.8,2.2,"SAND",24.1819774,-17.0415174,21.8916665712992,681,2
421,"id_117",0.4,0.2,1.7,1.74,19.89,10.44,96,0.8,3.2,"SAND",94,2.8,3.2,"SAND",24.3848891,-16.5542389,22.0249999364217,721,2
422,"id_120",0.4,0.24,1.6,1.82,19.02,13.09,94,0.8,5.2,"SAND",92,0.8,7.2,"SAND",24.3736426,-16.6143311,22.1666666666667,712,1
423,"id_122",0.48,0.28,1.7,1.63,24.26,13.7,94,1.8,4.2,"SAND",90,1.8,8.2,"SAND",24.3978599,-16.58001,22.1750000317891,711,0
424,"id_128",2.28,0.76,1.4,1.85,96.97,42.1,82,3.8,14.2,"LOAMY SAND",90,1.8,8.2,"SAND",24.3415189,-16.6472245,22.0499998728434,714,0
425,"id_132",2,0.36,1.7,1.79,104.75,19.33,84,3.8,12.2,"LOAMY SAND",92,2.8,5.2,"SAND",24.1710258,-17.0291435,21.9083333015442,682,1
426,"id_142",0.32,0.2,1.7,1.74,16.19,10.44,96,2.8,1.2,"SAND",94,2.8,3.2,"SAND",24.4175902,-16.5582191,22.0583332379659,720,0
427,"id_146",0.44,0.28,1.6,1.71,21.45,14.35,96,1.8,2.2,"SAND",92,2.8,5.2,"SAND",24.4335995,-16.552437,22.0499998728434,719,2
428,"id_148",2.28,0.52,1.4,1.77,93.57,27.57,76.4,10.4,13.2,"SANDY LOAM",86.4,4.4,9.2,"LOAMY SAND",24.3100629,-16.7017446,22.1000000635783,705,0
429,"id_150",1.36,0.2,1.2,1.6,47.01,9.62,76.4,8.4,15.2,"SANDY LOAM",94.4,2.4,3.2,"SAND",24.2169133,-16.7771062,22.1750001907349,692,2
430,"id_155",0.36,0.24,1.7,1.66,18.18,11.93,94.4,4.4,1.2,"SAND",92.4,6.4,1.2,"SAND",24.4270995,-16.5545497,22.0499998728434,718,1
431,"id_169",2.16,0.12,1.6,1.87,103.98,6.72,84.4,8.4,7.2,"LOAMY SAND",96.4,2.4,1.2,"SAND",24.1980311,-16.7981818,22.1583336194356,696,1
432,"id_185",1.2,0.4,1.7,1.73,60.87,20.71,90.4,4.4,5.2,"SAND",92.4,3.4,4.2,"SAND",24.2110064,-16.7837427,22.2166666984558,691,0
433,"id_212",0.88,0.08,1.6,1.91,41.73,4.57,84.4,3.4,12.2,"LOAMY SAND",92.4,2.4,5.2,"SAND",24.2186526,-16.7779045,22.1750001907349,692,2
434,"id_228",0.2,0.36,1.6,1.66,9.76,17.95,96.4,1.4,2.2,"SAND",96.4,2.4,1.2,"SAND",24.3432716,-16.7822499,21.9333333969116,708,2
435,"id_261",0.52,0.28,1.6,1.52,24.35,12.8,94.4,2.4,3.2,"SAND",96.4,2.4,1.2,"SAND",24.3379622,-16.7661302,21.9083333015442,711,5
436,"id_345",0.8,0.24,1.1,1.5,25.73,10.81,76,12.4,11.6,"SANDY LOAM",88,6.4,5.6,"LOAMY SAND",25.1598702,-17.3642822,23.524999777476,654,4
437,"id_354",1.04,0.8,1.6,1.22,51.32,29.35,64,18.4,17.6,"SANDY LOAM",52,42.4,5.6,"SANDY CLAY",25.1561322,-17.191738,23.266666730245,667,9
438,"id_357",1,0.4,1.4,1.58,41.57,19,74,16.4,9.6,"SANDY LOAM",40,54.4,5.6,"CLAY",25.1020611,-17.3196722,23.4083334604899,673,8
439,"id_358",1.16,0.72,1.3,1.32,44.81,28.58,74,14.4,11.6,"SANDY LOAM",72,18.4,9.6,"SANDY LOAM",25.0902987,-17.3274726,23.4416667620341,653,8
440,"id_359",0.8,0.36,1,1.32,24.02,14.24,60,32.4,7.6,"SANDY CLAY LOAM",34,58.4,7.6,"CLAY",25.1811924,-17.381769,23.5749996503194,658,7
441,"id_363",2.04,0.76,1.4,1.3,85.48,29.75,62,28.4,9.6,"SANDY CLAY LOAM",56,32.4,11.6,"SANDY CLAY LOAM",25.0403817,-17.3642196,23.4666666984558,669,4
442,"id_364",1.48,0.52,1.7,1.51,74.88,23.49,76,12.4,11.6,"SANDY LOAM",78,14.4,7.6,"SANDY LOAM",25.117556,-17.3293395,23.3666666348775,676,0
443,"id_366",1,0.8,1.3,1.44,38.9,34.6,72,16.4,11.6,"SANDY LOAM",74,20.4,5.6,"SANDY CLAY LOAM",25.1474819,-17.2214428,23.2833333015442,669,5
444,"id_367",1.6,1.12,1.5,1.56,70.97,52.28,70,16.4,13.6,"SANDY LOAM",68,24.4,7.6,"SANDY CLAY LOAM",25.1104528,-17.2820409,23.2833331425985,667,8
445,"id_369",1,0.96,1.5,1.56,46.03,45,64,12.4,23.6,"SANDY LOAM",58,24.4,17.6,"SANDY CLAY LOAM",25.1577767,-17.1844049,23.25,666,6
446,"id_370",1.04,1.16,1.7,1.76,52.52,61.12,84,10.4,5.6,"LOAMY SAND",80,10.4,9.6,"SANDY LOAM",25.1376979,-17.2140521,23.2749999364217,673,0
447,"id_374",1.2,1.2,1.7,1.43,60.98,51.62,70,28.4,1.6,"SANDY CLAY LOAM",66,26.4,7.6,"SANDY CLAY LOAM",25.1319843,-17.3576452,23.4416667620341,657,3
448,"id_376",1.04,0.8,1.7,1.61,53.35,38.67,68,22.4,9.6,"SANDY CLAY LOAM",58,32.4,9.6,"SANDY CLAY LOAM",25.0809693,-17.2785262,23.2999998728434,664,1
449,"id_378",3,1.2,1.3,1.53,118.86,55.24,24.64,54.4,20.96,"CLAY",18.64,64.4,16.96,"CLAY",25.0997043,-17.3798649,23.5583332379659,649,7
450,"id_379",1.04,0.8,1.7,1.66,54.35,39.92,64.64,18.4,16.96,"SANDY LOAM",66.64,20.4,12.96,"SANDY CLAY LOAM",25.0773393,-17.2850784,23.3166666030884,672,2
451,"id_380",0.84,0.68,1,1.38,24.32,28.06,80.64,12.4,6.96,"SANDY LOAM",70.64,20.4,8.96,"SANDY CLAY LOAM",25.0961738,-17.3948418,23.6166666348775,666,8
452,"id_393",1,1.32,1.5,1.36,44.72,53.86,50.64,34.4,14.96,"SANDY CLAY LOAM",52.64,30.4,16.96,"SANDY CLAY LOAM",25.1714758,-17.4252705,23.7500001589457,651,4
453,"id_402",1.08,0.68,1.2,1.77,37.61,36.2,56.64,30.4,12.96,"SANDY CLAY LOAM",50.64,30.4,18.96,"SANDY CLAY LOAM",25.1754662,-17.3940343,23.6416664123535,649,8
454,"id_414",1.04,0.56,1.3,1.74,39.54,29.22,72.64,18.4,8.96,"SANDY LOAM",40.64,30.4,28.96,"CLAY LOAM",25.1514664,-17.4181369,23.6999999682109,660,7
455,"id_417",0.96,0.64,1.7,1.93,48.13,37.01,92.64,4.4,2.96,"SAND",86.64,8.4,4.96,"LOAMY SAND",25.2383903,-17.439698,23.5,647,1
456,"id_420",0.96,0.64,1.4,1.46,40.16,27.95,41.2,46.8,12,"CLAY",37.2,30.8,32,"CLAY LOAM",25.1474591,-17.4078492,23.6166664759318,645,10
457,"id_436",1.36,0.8,1.6,1.56,64.86,37.37,64.64,20.4,14.96,"SANDY CLAY LOAM",42.64,48.4,8.96,"CLAY",25.2723335,-17.466329,23.516666730245,648,0
458,"id_275",0.88,1.08,1.3,1.39,34.63,45.17,42.64,40.4,16.96,"CLAY",46.64,38.4,14.96,"SANDY CLAY",25.2123306,-17.0257364,22.8583334287008,681,2
459,"id_278",1.08,0.92,1.1,1.79,35.95,49.28,46.64,44.4,8.96,"SANDY CLAY",44.64,46.4,8.96,"CLAY",25.2063762,-17.0220288,22.8249999682109,681,4
460,"id_279",0.64,0.72,1.4,1.78,27.51,38.53,64.64,28.4,6.96,"SANDY CLAY LOAM",52.64,38.4,8.96,"SANDY CLAY",25.1894835,-17.0456255,22.891666730245,680,7
461,"id_295",1.04,0.84,1.3,1.72,41.78,43.44,72.64,18.4,8.96,"SANDY LOAM",68.64,22.4,8.96,"SANDY CLAY LOAM",25.2168513,-17.0129173,22.8583335876465,687,10
462,"id_312",1.88,1.96,1.3,1.8,72.81,105.85,56.8,25.2,18,"SANDY CLAY LOAM",58.8,27.2,14,"SANDY CLAY LOAM",25.1871173,-16.9929846,22.6916666030884,693,1
463,"id_314",0.48,0.48,1.2,1.53,17.69,22.07,78.8,11.2,10,"SANDY LOAM",80.8,9.2,10,"LOAMY SAND",25.179726,-16.988091,22.6249998410543,701,2
464,"id_383",0.44,0.4,1.3,1.65,17,19.86,22.8,67.2,10,"CLAY",26.8,65.2,8,"CLAY",25.1316051,-17.6453732,24.016666730245,633,5
465,"id_395",1.28,1.28,1.5,1.54,57.07,59.19,20.8,65.2,14,"CLAY",20.8,63.2,16,"CLAY",25.1146773,-17.6226872,23.9666663805644,635,0
466,"id_400",0.76,0.88,1.2,1.29,27.96,34.16,18.8,67.2,14,"CLAY",22.8,63.2,14,"CLAY",25.1277207,-17.638617,24.0416666666667,629,5
467,"id_405",1.64,0.96,1.3,1.89,66.17,54.52,20.8,63.2,16,"CLAY",18.8,55.2,26,"CLAY",25.1393977,-17.6148403,24.0916666984558,642,1
468,"id_412",1.16,0.56,1.5,1.32,51.8,22.13,22.8,61.2,16,"CLAY",24.8,65.2,10,"CLAY",25.1419796,-17.6176998,24.1083334287008,642,1
469,"id_424",1.28,0.64,1.4,1.45,53.6,27.91,38.8,41.2,20,"CLAY",40.8,47.2,12,"CLAY",25.2867456,-17.4881533,23.7166668574015,647,1
470,"id_348",1.72,0.44,1.3,1.54,69.56,20.36,66.8,23.2,10,"SANDY CLAY LOAM",76.8,17.2,6,"SANDY LOAM",25.2743807,-17.5252976,23.7583335240682,661,1
471,"id_352",1.12,1,1.6,1.42,53.06,42.72,44.8,35.2,20,"CLAY LOAM",48.8,35.2,16,"SANDY CLAY",25.2749249,-17.5290439,23.7583335240682,661,0
472,"id_360",2.32,0.48,1.6,1.52,111.59,21.93,13.4,66.4,20.2,"CLAY",15.4,64.4,20.2,"CLAY",25.2816529,-17.5264976,23.7583335240682,661,3
473,"id_362",0.32,0.44,1.2,1.56,11.47,20.6,75.4,18.4,6.2,"SANDY LOAM",39.4,52.4,8.2,"CLAY",25.0636942,-17.4267507,23.6416665712992,663,7
474,"id_372",2.88,2.24,1.3,1.35,114.29,90.62,19.4,66.4,14.2,"CLAY",25.4,74.4,0.2,"CLAY",25.0669424,-17.4062531,23.5666667620341,670,6
475,"id_375",0.24,0.6,1.4,1.57,10.29,28.2,45.4,34.4,20.2,"SANDY CLAY LOAM",43.4,34.4,22.2,"CLAY LOAM",25.0344838,-17.4477727,23.641666730245,650,0
476,"id_381",1.6,1.44,1.3,1.85,63.75,79.73,41.4,34.4,24.2,"CLAY LOAM",43.4,30.4,26.2,"CLAY LOAM",25.1004696,-17.4330829,23.6999999682109,660,4
477,"id_382",1.16,1.04,1.5,1.54,52.73,48.03,15.4,58.4,26.2,"CLAY",17.4,54.4,28.2,"CLAY",25.2538266,-17.554539,23.8000001907349,652,0
478,"id_385",1.56,2.04,1.2,1.29,55.36,79.19,21.4,66.4,12.2,"CLAY",13.4,72.4,14.2,"CLAY",25.1624984,-17.5962369,24.0833334922791,643,4
479,"id_388",1.08,1,1.6,1.54,51.52,46.16,45.4,40.4,14.2,"SANDY CLAY",45.4,40.4,14.2,"SANDY CLAY",25.2619045,-17.6069429,24.0333333015442,634,4
480,"id_389",2.36,1.68,1.2,0.83,84.85,41.66,43.4,46.4,10.2,"CLAY",39.4,42.4,18.2,"CLAY",25.1800633,-17.5355748,23.8833335240682,643,0
481,"id_390",2.16,1.56,1.2,1.48,77.8,69.44,25.4,40.4,34.2,"CLAY",21.4,50.4,28.2,"CLAY",25.2688119,-17.560257,23.8250002861023,649,1
482,"id_394",1,1.16,1.4,1.43,43.2,49.71,26,63.6,10.4,"CLAY",24,59.6,16.4,"CLAY",25.1175314,-17.5287699,23.9333333969116,657,7
483,"id_397",1.24,0.96,1.5,1.47,54.63,42.32,74,17.6,8.4,"SANDY LOAM",14,71.6,14.4,"CLAY",25.2029178,-17.5426915,23.7833334604899,650,0
484,"id_399",1.8,1.44,1.3,1.09,67.53,47.28,42,45.6,12.4,"CLAY",44,45.6,10.4,"CLAY",25.2878715,-17.5888963,23.8749998410543,653,2
485,"id_403",1.28,1.16,1.6,1.35,60.54,47.05,20,61.6,18.4,"CLAY",30,55.6,14.4,"CLAY",25.2379131,-17.5815908,23.9416666030884,626,0
486,"id_404",2.68,1.8,1.5,1.74,117.25,94.21,34,47.6,18.4,"CLAY",38,45.6,16.4,"CLAY",25.1521915,-17.5224259,23.9166666666667,651,2
487,"id_410",0.92,0.92,1.7,1.83,47.92,50.47,54,15.6,30.4,"SANDY LOAM",54,33.6,12.4,"SANDY CLAY LOAM",25.1459673,-17.4871408,23.9166665077209,633,2
488,"id_411",1.16,0.84,1.5,1.21,50.7,30.37,42,45.6,12.4,"CLAY",42,41.6,16.4,"CLAY",25.1017592,-17.4556918,23.7916666666667,641,5
489,"id_415",2.4,0.92,1.4,1.22,99.22,33.66,30,39.6,30.4,"CLAY LOAM",30,61.6,8.4,"CLAY",25.1916447,-17.5667805,23.983333269755,637,0
490,"id_603",0.08,0.2,1.8,1.68,4.27,10.05,94,5,1,"SAND",94,4,2,"SAND",24.7093803,-16.9152317,22.0166665712992,696,7
491,"id_147",0.28,0.32,1.6,1.52,13.24,14.64,78,16,6,"SANDY LOAM",82,8,10,"LOAMY SAND",24.7046212,-17.4591405,22.8250001271566,633,0
492,"id_206",0.6,0.36,1.9,1.74,34.27,18.76,92,6,2,"SAND",92,6,2,"SAND",24.7342452,-17.4240641,22.7750002543132,636,1
493,"id_113",3.36,1.52,0.9,1.01,90.36,45.98,18,38,44,"SILTY CLAY LOAM",36,36,28,"CLAY LOAM",24.7121021,-17.480003,22.8416666984558,632,0
494,"id_349",1.56,1.04,1.4,1.3,64.97,40.7,62.8,28.8,8.4,"SANDY CLAY LOAM",66.8,26.8,6.4,"SANDY CLAY LOAM",24.9904695,-17.1858113,22.9666666984558,675,1
495,"id_607",0.44,0.32,1.7,1.65,22.98,15.79,90.8,6.8,2.4,"SAND",90.8,6.8,2.4,"SAND",25.033743,-17.1521434,22.9166668256124,675,3
496,"id_648",2.48,0.68,1.2,1.7,88.25,34.7,82.8,8.8,8.4,"LOAMY SAND",82.8,14.8,2.4,"SANDY LOAM",25.0147673,-17.1305112,22.8083330790202,668,1
497,"id_439",1.24,1.16,1.1,1.4,39.79,48.65,88.8,6.8,4.4,"SAND",72.8,20.8,6.4,"SANDY CLAY LOAM",24.8538385,-17.309857,22.8749998410543,649,0
498,"id_89",0.64,0.24,1.6,1.76,30,12.68,84.8,12.8,2.4,"LOAMY SAND",78.8,8.8,12.4,"SANDY LOAM",24.7327725,-17.4780013,22.8750001589457,632,1
499,"id_317",0.4,0.4,1.1,1.99,12.61,23.89,92.8,6.8,0.4,"SAND",88.8,8.8,2.4,"LOAMY SAND",24.9359449,-16.9653904,22.2749999364217,687,3
500,"id_398",0.72,0.32,1.4,1,30.43,9.56,90.8,6.8,2.4,"SAND",90.8,4.8,4.4,"SAND",24.93646101,-17.43727268,23.4416666030884,635,0
501,"id_644",0.48,0.2,1.7,1.81,24.45,10.84,93.2,4.8,2,"SAND",91.2,8.8,0,"SAND",25.0172739,-17.1404167,22.8166664441427,672,0
502,"id_458",1.84,0.2,1.6,1.78,90.2,10.66,77.2,4.4,18.4,"LOAMY SAND",72.8,2.4,24.8,"LOAMY SAND",24.98220697,-16.40321281,21.4749999046326,744,0
503,"id_494",0.4,0.32,1.3,1.35,15.22,12.96,90.8,4,5.2,"SAND",81.2,4,14.8,"LOAMY SAND",25.2083466,-16.91089699,22.375,697,7
504,"id_447",1.16,0.08,1.1,1.47,38.74,3.52,80.8,6,13.2,"LOAMY SAND",85.2,0,14.8,"SAND",24.89670429,-16.43588061,21.3416668574015,750,3
505,"id_465",0.36,0.32,1.4,1.45,15.23,13.92,92.8,2,5.2,"SAND",83.2,0,16.8,"LOAMY SAND",24.8497149,-16.42634016,21.4666668574015,749,4
506,"id_532",3.44,0.16,1.7,1.9,176.17,9.12,84.8,2,13.2,"LOAMY SAND",83.2,4,12.8,"LOAMY SAND",24.79995272,-16.4983619,21.5166664123535,740,1
507,"id_546",0.24,0.12,1.3,1.38,9.26,4.98,92.2,6.8,1,"SAND",87.8,8.8,3.4,"LOAMY SAND",24.67264082,-16.4774907,21.5666664441427,741,4
508,"id_549",0.24,0.16,1.4,1.4,9.97,6.71,90.2,6.8,3,"SAND",87.8,8.8,3.4,"LOAMY SAND",24.64649032,-16.52416543,21.6083331108093,737,1
509,"id_551",0.52,0.24,1.4,1.39,21.63,10.01,90.2,6.8,3,"SAND",85.8,8.8,5.4,"LOAMY SAND",24.7222424,-16.480739,21.7333334287008,733,0
510,"id_570",1.84,0.12,1.4,1.46,77.58,5.26,73.2,4.8,22,"SANDY LOAM",90.8,2.8,6.4,"SAND",24.76438703,-16.44817554,21.5499997138977,747,7
511,"id_574",3.2,0.64,1.2,1.48,113.13,28.49,77.2,2.8,20,"LOAMY SAND",90.8,0.8,8.4,"SAND",24.59179599,-16.48788939,21.6916667620341,736,3
512,"id_575",1.56,0.08,1.1,1.85,49.58,4.45,71.2,4.8,24,"SANDY LOAM",90.8,2.8,6.4,"SAND",24.61494517,-16.44962224,21.8000000317891,732,1
513,"id_586",0.8,0.52,1.7,1.7,40.94,26.5,87.2,4.8,8,"LOAMY SAND",88.8,2.8,8.4,"SAND",24.67638784,-16.52775672,21.8416666984558,726,1
514,"id_593",3.52,0.12,1.6,1.99,169,7.16,85.2,4.8,10,"LOAMY SAND",82.8,6.8,10.4,"LOAMY SAND",24.56267517,-16.49508063,21.8666667938232,728,1
515,"id_504",0.36,0.32,1.5,1.6,16.39,15.39,96.4,2,1.6,"SAND",73.6,6,20.4,"SANDY LOAM",24.96475145,-16.81252996,21.9666666984558,710,8
516,"id_292",0.48,0.2,1.6,1.82,23.65,10.9,98.4,0,1.6,"SAND",73.6,8,18.4,"SANDY LOAM",24.88604943,-17.03359869,22.2833331425985,680,0
517,"id_339",0.4,0.24,1.3,1.36,15.24,9.79,96.4,2,1.6,"SAND",75.6,6,18.4,"SANDY LOAM",24.83332419,-16.96932336,22.0333333015442,705,6
518,"id_506",0.28,0.28,1.3,1.33,11.17,11.17,96.4,2,1.6,"SAND",73.6,6,20.4,"SANDY LOAM",24.93871544,-16.82570785,21.9416666030884,706,4
519,"id_623",0.16,0.08,1.2,1.33,5.65,3.19,95.6,2.8,1.6,"SAND",82.4,1.8,15.8,"LOAMY SAND",24.73795846,-16.68542868,21.8833332061768,717,4
520,"id_569",0.24,0.12,1.4,1.73,10.31,6.22,89.4,4.8,5.8,"SAND",48.6,20.8,30.6,"LOAM",24.75336818,-16.60893177,21.7000001271566,731,0
521,"id_650",0.32,0.28,1.6,1.73,15.7,14.52,97.4,0.8,1.8,"SAND",76.6,0.8,22.6,"LOAMY SAND",24.63311098,-16.68982566,21.8833332061768,715,2
522,"id_308",1.24,0.24,1.4,1.79,52.55,12.9,90.8,5,4.2,"SAND",92.8,5,2.2,"SAND",24.76382188,-16.90694889,21.9166666666667,704,2
523,"id_316",0.56,0.4,1.5,1.61,24.73,19.34,92.8,4,3.2,"SAND",92.8,5,2.2,"SAND",24.75393211,-16.95789609,22.0333334604899,701,4
524,"id_597",0.48,0.36,1.5,1.79,21.91,19.35,94.4,1,4.6,"SAND",94.4,1,4.6,"SAND",24.74876849,-16.78377036,21.8416668574015,715,0
525,"id_344",0.6,0.36,1.1,1.32,20.16,14.26,80.8,7.6,11.6,"LOAMY SAND",84.8,5.6,9.6,"LOAMY SAND",24.92336007,-17.24477278,22.9416666030884,662,0
526,"id_144",6.74796748,0.12,1.4,1.61,292.34,5.8,92.4,4,3.6,"SAND",86.4,6,7.6,"LOAMY SAND",24.45114608,-16.68465653,21.875,718,3
527,"id_157",0.96,0.48,1.1,1.28,31.34,18.37,90,6.8,3.2,"SAND",88,4.8,7.2,"SAND",24.34244268,-16.81749254,21.9749999046326,703,0
528,"id_163",0.96,0.12,1,1.31,28.09,4.72,48,12.8,39.2,"LOAM",58,12.8,29.2,"SANDY LOAM",24.40869794,-16.85019394,21.8916665712992,704,2
529,"id_221",0.32,0.28,1.6,1.78,15.58,14.94,93.2,0.4,6.4,"SAND",93.2,4.4,2.4,"SAND",24.41287015,-16.79843958,21.9083334604899,707,5
530,"id_617",0.28,0.16,1.3,1.8,10.93,8.62,94.8,0.8,4.4,"SAND",92.8,4.8,2.4,"SAND",24.61743172,-16.85316958,21.9583331743876,705,4
531,"id_158",0.48,0.04,1.2,1.97,17.2,2.37,91.2,4,4.8,"SAND",91.2,4,4.8,"SAND",24.38894567,-16.8946121,21.8499999046326,700,1
532,"id_170",0.88,0.24,1.8,1.86,47.86,13.41,89.2,4,6.8,"SAND",89.2,4,6.8,"SAND",24.35111842,-17.00178729,21.8416665395101,690,1
533,"id_211",1.36,0.72,1.4,1.67,55.19,36.1,73.2,6,20.8,"SANDY LOAM",75.2,8,16.8,"SANDY LOAM",24.28297745,-17.11389479,21.8666666348775,677,5
534,"id_224",2.8,0.08,1.5,1.61,129.68,3.86,93.2,2,4.8,"SAND",93.2,2,4.8,"SAND",24.36970521,-16.99975804,21.8333331743876,690,2
535,"id_245",1.28,0.56,1.4,1.74,53.98,29.29,72,10,18,"SANDY LOAM",68,16,16,"SANDY LOAM",24.42323596,-16.90293062,21.8499997456868,696,5
536,"id_254",0.8,0.04,1.4,1.47,33.94,1.76,88,6,6,"LOAMY SAND",96,2,2,"SAND",24.28918648,-16.89490444,21.9499999682109,695,2
537,"id_335",0.24,0.2,1.4,1.46,10.14,8.77,94,4,2,"SAND",92,2,6,"SAND",24.55998303,-16.98900223,21.8583335876465,695,7
538,"id_48",0.4,0.32,1.3,1.39,15.4,13.3,89.2,5.8,5,"SAND",89.2,5.8,5,"SAND",24.5314435,-17.3576894,21.9916666348775,654,5
539,"id_56",0.36,0.48,1.4,1.57,14.74,22.59,91.2,5.8,3,"SAND",91.2,5.8,3,"SAND",24.2279533,-17.1979174,21.7416667938232,671,5
540,"id_70",0.36,0.2,1.5,1.86,16.23,11.16,98,0.6,1.4,"SAND",98,0.6,1.4,"SAND",24.5980587,-17.4321821,22.4916667938232,639,0
541,"id_86",0.48,0.2,1.7,1.92,24.07,11.52,96,1.6,2.4,"SAND",94,3.6,2.4,"SAND",24.4766002,-17.4478132,22.3666666348775,638,0
542,"id_114",0.48,0.36,1.6,1.76,22.44,19.02,98,0.6,1.4,"SAND",98,0.6,1.4,"SAND",24.158979,-17.2532658,21.9583331743876,657,1
543,"id_182",0.36,0.12,1.9,1.9,20.68,6.86,94,3.6,2.4,"SAND",92,5.6,2.4,"SAND",24.2781657,-17.2838855,21.7500000794729,666,1
544,"id_190",0.4,0.16,1.8,2.07,21.76,9.93,92,2.6,5.4,"SAND",92,3.6,4.4,"SAND",24.2461466,-17.2862727,21.7999999523163,665,6
545,"id_204",0.32,0.2,1.8,2.06,17.7,12.35,92,3.6,4.4,"SAND",94,3.6,2.4,"SAND",24.2546353,-17.2845823,21.7750000158946,666,2
546,"id_222",0.36,0.2,1.7,1.88,18.71,11.31,90,4.6,5.4,"SAND",92,4.6,3.4,"SAND",24.2391362,-17.2262553,21.8333331743876,671,9
547,"id_235",0.4,0.08,1.6,1.86,18.85,4.46,92,4.6,3.4,"SAND",90,3.6,6.4,"SAND",24.3021914,-17.2387857,21.7416668732961,673,5
548,"id_259",0.52,0.44,1.5,1.76,23.29,23.18,94,3.2,2.8,"SAND",90,6.4,3.6,"SAND",24.1150143,-17.1479572,21.9166665077209,673,5
549,"id_125",0.44,0.32,1.5,1.93,19.88,18.56,97.2,2.8,0,"SAND",97.2,1.8,1,"SAND",24.1031952,-16.863249,21.9749999046326,702,1
550,"id_127",1.72,0.32,0.8,1.92,43.03,18.4,99.2,0.8,-2.89e-15,"SAND",91.2,2.8,6,"SAND",24.114288,-16.9009008,22.2416664759318,682,1
551,"id_133",0.4,0.2,1.6,2.02,19.5,12.11,93.2,5.8,1,"SAND",95.2,4.8,0,"SAND",24.1688498,-16.8361905,22.2166666984558,691,2
552,"id_136",1.64,1,1.3,2.06,62.65,61.78,83.2,7.8,9,"LOAMY SAND",93.2,4.8,2,"SAND",24.0769045,-17.0029518,22.233333269755,672,0
553,"id_138",0.8,0.24,1.6,2.09,39.29,15.07,90,2,8,"SAND",94,0,6,"SAND",24.1656947,-16.8339837,22.2000001271566,692,2
554,"id_149",1.376518219,0.04,1.1,1.71,44.67,2.06,92,1,7,"SAND",94,0,6,"SAND",24.1868047,-16.8194214,22.1916667620341,689,0
555,"id_151",0.92,0.08,1.7,1.8,45.97,4.32,94,1,5,"SAND",96,0,4,"SAND",24.1801539,-16.8246584,22.1833335558573,692,0
556,"id_154",1.44,0.16,1.5,2.06,65.96,9.87,86,2,12,"LOAMY SAND",98,1,1,"SAND",24.1271148,-16.8686315,22.1999999682109,687,0
557,"id_112",0.28,0.24,1.6,1.82,13.26,13.07,90,0.8,9.2,"SAND",94,2.8,3.2,"SAND",24.3370514,-16.7471611,21.9500001271566,708,7
558,"id_121",1.16,0.12,1.3,2.03,44.62,7.29,82,2.8,15.2,"LOAMY SAND",90,1.8,8.2,"SAND",24.2148212,-16.7790236,22.1666669845581,696,0
559,"id_124",0.28,0.2,1.6,1.67,13.09,10.02,94,2.8,3.2,"SAND",96,2.8,1.2,"SAND",24.2375902,-16.720489,21.9083331425985,712,1
560,"id_126",0.64,0.16,1.3,1.59,24.84,7.62,62,26.8,11.2,"SANDY CLAY LOAM",66,22.8,11.2,"SANDY CLAY LOAM",24.2024316,-16.7938848,22.2166666984558,692,1
561,"id_129",3.92,0.12,0.7,1.88,84.92,6.77,70,3.8,26.2,"SANDY LOAM",96,2.8,1.2,"SAND",24.2129312,-16.782869,22.1666669845581,696,0
562,"id_135",0.52,0.08,1.6,1.97,24.31,4.72,94,3.8,2.2,"SAND",96,2.8,1.2,"SAND",24.314327,-16.7137046,22.0916666984558,705,0
563,"id_143",3,3,1.6,1.8,145.76,161.99,98,0.8,1.2,"SAND",94,2.8,3.2,"SAND",24.3232205,-16.725929,22.0749999682109,707,0
564,"id_266",1.04,0.6,1.3,1.55,40.23,27.83,64.64,22.4,12.96,"SANDY CLAY LOAM",66.64,20.4,12.96,"SANDY CLAY LOAM",25.1807841,-17.0104,22.7416664759318,684,0
565,"id_311",0.4,0.2,1.4,1.62,16.66,9.72,80.8,13.2,6,"SANDY LOAM",82.8,11.2,6,"LOAMY SAND",25.2613064,-17.00301,22.7749999364217,695,1
566,"id_392",5.230769231,0.814814815,0.9,1.76,135.62,42.96,62.8,29.2,8,"SANDY CLAY LOAM",64.8,29.2,6,"SANDY CLAY LOAM",25.1178064,-17.61686,24.0249999364217,635,1
567,"id_481",2.76,1.68,1.2,1.25,100.45,62.84,32.8,51.2,16,"CLAY",28.8,55.2,16,"CLAY",25.1774152,-17.07166,22.9500001271566,681,0
568,"id_347",1.68,1.04,0.9,1.47,45.36,46.01,85.2,10.8,4,"LOAMY SAND",87.2,10.8,2,"LOAMY SAND",25.0399942,-17.40782,23.3749998410543,663,3
569,"id_386",1,0.52,1.4,1.64,42.6,25.65,15.4,70.4,14.2,"CLAY",19.4,66.4,14.2,"CLAY",25.1065072,-17.54239,23.9083333015442,639,6
570,"id_387",1.08,0.92,1.1,1.3,37.11,35.85,5.4,68.4,26.2,"CLAY",5.4,80.4,14.2,"CLAY",25.2878213,-17.553805,23.7750002543132,650,0
571,"id_391",1.28,0.96,1.5,1.45,56.5,41.66,19.4,68.4,12.2,"CLAY",13.4,72.4,14.2,"CLAY",25.174734,-17.6186502,24.1166667938232,642,0
572,"id_396",1.48,1.24,1.1,1.18,47.95,43.9,34,49.6,16.4,"CLAY",42,45.6,12.4,"CLAY",25.1441584,-17.503224,23.9333332379659,654,3
573,"id_407",1.44,0.48,1.4,1.24,62.39,17.79,56,27.6,16.4,"SANDY CLAY LOAM",54,33.6,12.4,"SANDY CLAY LOAM",25.2610556,-17.624128,24.0583333969116,626,3
574,"id_408",1.6,0.56,1.5,1.56,71.96,26.26,48,15.6,36.4,"LOAM",60,23.6,16.4,"SANDY CLAY LOAM",25.2090933,-17.5891333,24.024999777476,629,0
575,"id_276",0.96,0.12,1.5,1.83,43.55,6.6,90,7.6,2.4,"SAND",92,7.6,0.4,"SAND",25.0232247,-17.163,22.9416666030884,665,4
576,"id_406",1.72,1.28,1.8,1.73,94.84,66.6,46,30,24,"SANDY CLAY LOAM",48,30,22,"SANDY CLAY LOAM",25.2819856,-17.6115776,23.9583331743876,623,2
577,"id_271",2.68,1.64,1.4,1.33,111.66,65.32,58,36,6,"SANDY CLAY",56,34,10,"SANDY CLAY LOAM",25.0331481,-17.171,23.0083335240682,666,3
578,"id_303",2.32,1.28,1.6,1.91,112.01,73.51,76.8,14.8,8.4,"SANDY LOAM",76.8,16.8,6.4,"SANDY LOAM",25.0350186,-17.168218,23.0083335240682,666,2
579,"id_430",0.2,0.24,1.4,1.41,8.33,10.19,94.8,2.8,2.4,"SAND",96.8,2.8,0.4,"SAND",24.9172796,-17.3735658,23.1916669209798,641,1
580,"id_443",1.36,0.92,1.1,1.8,45.06,49.72,64.8,18.8,16.4,"SANDY LOAM",64.8,30.8,4.4,"SANDY CLAY LOAM",24.906227,-17.3082448,23.0250002543132,650,2
581,"id_12",1.76,0.52,1.6,1.72,86.87,26.86,85.6,4.2,10.2,"LOAMY SAND",93.6,4.4,2,"SAND",24.5332592,-17.183203,21.9916666348775,668,0
582,"id_13",1.8,0.44,1.2,1.58,66.61,20.9,86.4,8,5.6,"LOAMY SAND",88.4,6,5.6,"SAND",24.5318447,-17.1794724,21.9916666348775,668,0
583,"id_14",0.16,0.16,1.5,1.45,7.13,6.98,87.2,6.4,6.4,"LOAMY SAND",87.2,6.4,6.4,"LOAMY SAND",24.6117297,-17.1434414,22.1000000635783,673,5
584,"id_28",0.92,0.56,1.1,1.12,30.08,18.78,93.6,3.2,3.2,"SAND",87.6,10.4,2,"LOAMY SAND",24.38545,-17.0375467,21.8749998410543,686,6
585,"id_29",3.72,2.64,1.1,1.53,122.61,121.22,84.4,12,3.6,"LOAMY SAND",74.4,16,9.6,"SANDY LOAM",24.5113313,-17.1654011,21.983333269755,669,1
586,"id_44",0.36,0.2,1.4,1.71,15.18,10.27,86.4,6,7.6,"LOAMY SAND",84.4,8,7.6,"LOAMY SAND",24.4688421,-17.2147871,21.9416664441427,668,5
587,"id_51",0.68,0.48,1.7,1.94,34.06,27.95,88.4,6,5.6,"SAND",88.4,6,5.6,"SAND",24.4825083,-17.1944824,21.9249997138977,670,4
588,"id_52",0.36,0.16,1.4,1.45,14.65,6.95,89.2,4.4,6.4,"SAND",89.2,4.4,6.4,"SAND",24.406686,-17.1480502,21.8749998410543,680,2
589,"id_60",1.08,0.6,1.3,1.7,42.85,30.68,89.6,3.2,7.2,"SAND",86.4,8,5.6,"LOAMY SAND",24.494355,-17.1805067,21.8666664759318,671,2
590,"id_61",1.44,0.8,1.5,1.52,66.6,36.41,91.6,3.2,5.2,"SAND",91.6,8.4,0,"SAND",24.5048209,-17.184929,21.8416663805644,672,1
591,"id_100",0.96,0.6,1.5,1.64,42.05,29.44,91.6,3.2,5.2,"SAND",87.6,10.4,2,"LOAMY SAND",24.8175252,-17.1518896,22.475000222524,666,1
592,"id_207",1,1.04,1.3,1.6,39.66,50.07,93.6,3.2,3.2,"SAND",95.6,4.4,0,"SAND",24.4205759,-16.9467184,21.8249998092651,693,0
593,"id_230",3.76,2,1.6,1.66,175.14,99.72,73.6,7.2,19.2,"SANDY LOAM",83.6,12.4,4,"LOAMY SAND",24.2656664,-17.1537045,21.883333047231,669,1
594,"id_273",0.28,0.2,1.5,1.72,12.31,10.32,94.4,2.4,3.2,"SAND",79.6,4.4,16,"LOAMY SAND",25.0467879,-17.0522501,22.6333335240682,681,2
595,"id_277",0.64,0.52,1.2,1.26,23.97,19.67,88.4,8.4,3.2,"LOAMY SAND",73.6,8.4,18,"SANDY LOAM",25.0300302,-17.0600309,22.625,677,4
596,"id_281",0.44,0.2,1.7,1.82,21.95,10.94,90.4,4.4,5.2,"SAND",77.6,4.4,18,"LOAMY SAND",25.0152894,-17.0556497,22.5750002861023,681,0
597,"id_284",0.96,0.48,1.4,1.75,39.3,25.2,88.4,10.4,1.2,"LOAMY SAND",41.6,30.4,28,"CLAY LOAM",25.0933849,-17.1546796,23.0749998092651,670,0
598,"id_285",0.72,0.72,1.5,1.58,33.18,34.21,76.4,14.4,9.2,"SANDY LOAM",67.6,10.4,22,"SANDY LOAM",25.0576,-17.1702563,23.0500001907349,666,0
599,"id_297",0.92,0.56,1.3,1.43,36.99,24.03,73.2,18.8,8,"SANDY LOAM",41.6,53.2,5.2,"CLAY",25.2165584,-17.015447,22.8333334922791,685,10
600,"id_301",0.32,0.28,1.7,1.69,16.33,14.21,92.4,4.4,3.2,"SAND",79.6,4.4,16,"LOAMY SAND",25.0547733,-17.11614,22.774999777476,676,1
601,"id_307",0.56,0.4,1.3,1.25,21.05,15.04,90.4,4.4,5.2,"SAND",47.6,36.4,16,"SANDY CLAY",25.099995,-17.1022325,22.9000000953674,674,2
602,"id_322",0.76,0.6,1.4,1.65,32.9,29.73,74.4,22.4,3.2,"SANDY CLAY LOAM",45.6,39.4,15,"SANDY CLAY",25.101017,-17.115017,22.9500001271566,677,0
603,"id_338",0.52,0.36,1.5,1.65,23.54,17.83,92.4,2,5.6,"SAND",92.4,1,6.6,"SAND",24.7655277,-16.9547462,22.0250000953674,702,4
604,"id_356",2.4,0.32,1.5,1.58,111.48,15.17,56,29.2,14.8,"SANDY CLAY LOAM",60,25.2,14.8,"SANDY CLAY LOAM",25.1072628,-17.2149849,23.1916666030884,666,1
605,"id_365",1.2,0.44,1.7,1.8,62.34,23.8,66,19.2,14.8,"SANDY LOAM",42,35.2,22.8,"CLAY LOAM",25.087622,-17.2366804,23.2083334922791,681,2
606,"id_384",0.96,0.84,1.1,1.39,31.59,35.12,13.6,61.2,25.2,"CLAY",5.6,65.2,29.2,"CLAY",25.2309,-17.5386433,23.6666665077209,652,4
607,"id_429",0.68,0.04,1.5,1.81,31.09,2.17,88,5,7,"SAND",84,10,6,"LOAMY SAND",24.8372802,-17.2207075,22.5583333969116,659,0
608,"id_451",0.28,0.32,1.6,1.7,13.19,16.32,95.6,3.8,0.6,"SAND",80.4,4.8,14.8,"LOAMY SAND",24.9018214,-16.5137796,21.3666667938232,746,3
609,"id_538",3.56,0.56,1.7,1.75,179.28,29.43,93.6,4.2,2.2,"SAND",93.6,4.4,2,"SAND",24.5159754,-16.477359,21.6833333969116,738,3
610,"id_585",0.28,0.12,1.6,1.75,13.69,6.31,93.2,2.8,4,"SAND",88.8,2.8,8.4,"SAND",24.5309221,-16.4526515,21.6249998410543,739,1
611,"id_611",0.2,0.11,1.5,1.78,8.9,6,91.6,5.2,3.2,"SAND",93.6,2.4,4,"SAND",24.7873589,-16.794495,21.8083335558573,716,4
612,"id_641",0.36,0.2,1.6,1.57,16.83,9.39,94,5.2,0.8,"SAND",82,6.2,11.8,"LOAMY SAND",24.3473357,-16.839441,21.9000000953674,706,4
613,"id_642",0.24,0.2,1.8,1.92,12.88,11.51,95.6,2.2,2.2,"SAND",93.6,4.4,2,"SAND",24.7076974,-16.8412288,21.875,712,3
614,"id_20",0.88,0.6,1.3,1.55,34.29,27.92,93.6,3.2,3.2,"SAND",91.2,3.2,5.6,"SAND",24.42879,-17.0596333,21.8749998410543,684,1
615,"id_30",0.28,0.36,1.3,1.57,10.89,16.95,88.4,6,5.6,"SAND",88.4,6,5.6,"SAND",24.4901347,-17.1878456,21.8999996185303,672,2
616,"id_34",0.28,0.08,1.51,1.48,12.67,3.54,89.6,4.2,6.2,"SAND",89.6,8.4,2,"SAND",24.5877297,-17.1342212,22.0833334922791,675,9
617,"id_37",0.16,0.16,1.52,1.72,7.28,8.26,89.2,4.4,6.4,"SAND",87.2,6.4,6.4,"LOAMY SAND",24.405737,-17.1796336,21.858333269755,676,5
618,"id_38",0.67,0.29,1.43,1.57,28.66,13.62,79.6,5.2,15.2,"LOAMY SAND",77.6,10.4,12,"SANDY LOAM",24.6621315,-17.0646799,22.1916666030884,677,3
619,"id_42",0.6,0.04,1.49,1.67,26.82,2,90.6,3.6,5.8,"SAND",90.4,0,9.6,"SAND",24.4623877,-17.16047,21.9249998728434,677,4
620,"id_43",1.32,0.4,1.33,1.69,52.61,20.3,75.2,10.4,14.4,"SANDY LOAM",73.2,10.4,16.4,"SANDY LOAM",24.3423942,-17.2245886,21.7916665077209,667,1
621,"id_45",0.32,0.16,1.36,1.5,13.04,7.18,87.2,6.4,6.4,"LOAMY SAND",85.2,8.4,6.4,"LOAMY SAND",24.3398235,-17.195108,21.7583335240682,667,4
622,"id_64",1.52,1.08,1.93,1.77,87.94,57.22,6,74,20,"CLAY",18,68,14,"CLAY",25.197142,-17.6030825,24.0833333333333,639,0
623,"id_74",0.28,0.08,1.79,1.8,15,4.31,84.4,5.6,10,"LOAMY SAND",86.4,1.6,12,"SAND",24.7490455,-17.3720553,22.6333333651225,646,3
624,"id_177",0.2,0.08,1.52,1.63,9.09,3.92,91.2,6.8,2,"SAND",93.2,4.8,2,"SAND",24.9377647,-17.3820183,23.241666952769,640,0
625,"id_188",0.64,0.32,1.72,1.98,33.08,18.97,94,0,6,"SAND",94,1.2,4.8,"SAND",24.0554575,-16.969798,22.0666667620341,688,0
626,"id_194",1.28,0.76,1.06,1.65,40.82,37.52,85.2,2,12.8,"LOAMY SAND",86.4,3,10.6,"LOAMY SAND",24.3713977,-16.9346225,21.8249998092651,694,3
627,"id_195",0.56,0.32,1.46,1.78,24.49,17.1,100,0,0,"SAND",89.2,9.2,1.6,"LOAMY SAND",24.3383171,-16.8206855,22.0166665712992,701,2
628,"id_197",1.32,0.32,1.44,1.63,57.05,15.61,90,4.8,5.2,"SAND",88,5.8,6.2,"SAND",24.3994032,-16.8904107,21.8499999046326,699,1
629,"id_255",0.4,0.28,1.47,1.64,17.67,13.82,86,8,6,"LOAMY SAND",86,8,6,"LOAMY SAND",24.7446309,-17.3955653,22.7166668574015,644,0
630,"id_263",1.16,0.42,1.64,1.8,57.24,22.66,92,3,5,"SAND",92,6,2,"SAND",24.478185,-16.999155,21.9499999682109,688,0
631,"id_268",0.68,0.36,1.7,1.65,34.67,17.8,86.4,9.4,4.2,"LOAMY SAND",65.6,18.4,16,"SANDY LOAM",25.0677122,-17.1340509,22.9333335558573,680,0
632,"id_280",0.52,0.32,1.38,1.58,21.45,15.16,86.4,6.4,7.2,"LOAMY SAND",77.6,6.4,16,"LOAMY SAND",25.0652514,-17.0677956,22.6833333969116,689,0
633,"id_286",0.68,0.28,1.55,1.65,31.7,13.89,89.6,4.2,6.2,"SAND",80.8,3.2,16,"LOAMY SAND",24.9826223,-17.0116361,22.3499997456868,682,4
634,"id_290",0.44,0.16,1.68,1.77,22.12,8.52,89.6,3.6,6.8,"SAND",87.2,9.2,3.6,"LOAMY SAND",24.8062899,-17.106625,22.375,670,4
635,"id_346",0.16,0.24,1.32,1.49,6.31,10.74,87.6,5.2,7.2,"LOAMY SAND",87.6,10.4,2,"LOAMY SAND",25.0325277,-17.2940701,23.3250001271566,657,1
636,"id_350",1.64,1.4,1.64,1.65,80.52,69.39,87.6,2.4,10,"SAND",87.6,3.6,8.8,"SAND",24.9784516,-17.3933482,23.391666730245,661,3
637,"id_353",0.92,0.28,1.38,1.69,38,14.17,74,13.2,12.8,"SANDY LOAM",46,37.2,16.8,"SANDY CLAY",25.0610322,-17.2644776,23.2999997138977,657,0
638,"id_401",0.36,1.32,1.69,1.68,18.28,66.57,85.6,3,11.4,"LOAMY SAND",86.6,4.1,9.3,"LOAMY SAND",24.9073946,-17.4643951,23.3750003178914,631,0
639,"id_431",5.81,1.48,1.03,1.64,180.21,72.9,46.8,17.6,35.6,"LOAM",89.6,8.4,2,"SAND",24.9360468,-17.3613157,23.2416667938232,641,0
640,"id_441",0.84,0.44,1.49,1.3,37.56,17.2,85.6,5.6,8.8,"LOAMY SAND",85.6,10.4,4,"LOAMY SAND",24.8355513,-17.2462946,22.6583333015442,656,3
641,"id_444",1.76,1.64,1.67,1.84,88.18,90.47,85.2,4.4,10.4,"LOAMY SAND",64.8,4.4,30.8,"SANDY LOAM",24.9532422,-16.550099,21.4916666348775,744,0
642,"id_468",15.67,4.53,0.84,1.34,396.4,182.24,77.2,8.4,14.4,"SANDY LOAM",74.8,2.4,22.8,"LOAMY SAND",24.9605552,-16.5509925,21.5500000317891,738,1
643,"id_515",2.52,1.92,1.45,1.56,109.76,89.68,91.6,1,7.4,"SAND",91.6,1.6,6.8,"SAND",24.8335413,-16.8798182,21.9833334287008,706,1
644,"id_557",10.8,0.16,0.62,1.78,202.18,8.53,72.2,8.8,19,"SANDY LOAM",93.8,2.8,3.4,"SAND",24.731371,-16.4582717,21.6083331108093,741,1
645,"id_558",3.4,0.32,1,1.95,101.95,18.73,65.4,16.8,17.8,"SANDY LOAM",26.6,18.8,54.6,"SILT LOAM",24.7751843,-16.6008955,21.6833333969116,733,1
646,"id_590",13.47,1.99,0.51,1.43,206.96,85.53,87.4,0.8,11.8,"SAND",91.6,6.4,2,"SAND",24.6652724,-16.7222046,22.0083332061768,711,1
647,"id_615",0.24,0.2,1.51,1.63,10.85,9.79,95,4.8,0.2,"SAND",84,7.2,8.8,"LOAMY SAND",24.3488942,-16.8201756,21.9749999046326,703,0
648,"id_632",0.48,0.14,1.62,1.66,23.37,6.95,87.6,5.2,7.2,"LOAMY SAND",83.6,9.2,7.2,"LOAMY SAND",24.4751326,-16.7795942,21.9250000317891,710,5
649,"id_346",3,1.32,1.68,1.81,151.44,71.85,34,42,24,"CLAY",36,42,22,"CLAY",25.2488968,-17.620481,24.0749999682109,639,2
650,"id_624",2.92,2.68,1.34,1.33,117.79,107.29,97.4,0.8,1.8,"SAND",74.6,0.8,24.6,"LOAMY SAND",24.66741563,-16.6664487,21.8166667620341,721,4
